matchID,matchDate,match,match_location_date,toss,team1,team1_captain,team1_score,team2,team2_captain,team2_score,winner,result,player_of_the_match,team1_logo,team2_logo,team1_full_name,team2_full_name,team1_captain_image,team2_captain_image,player_of_the_match_image
T204306,"May 29, 2025",PBKS Vs RCB,"Qualifier 1 (N), New Chandigarh, May 29, 2025,Indian Premier League","Royal Challengers Bengaluru, elected to field first",PBKS,Shreyas Iyer,101,RCB,Rajat Patidar,"(10/20 ov, T:102) 106/2",RCB,RCB won by 8 wickets (with 60 balls remaining),Suyash Sharma,https://documents.iplt20.com/ipl/PBKS/Logos/Logooutline/PBKSoutline.png,https://documents.iplt20.com/ipl/RCB/Logos/Logooutline/RCBoutline.png,Punjab Kings,Royal Challengers Bengaluru,https://documents.iplt20.com/ipl/IPLHeadshot2025/12.png,https://documents.iplt20.com/ipl/IPLHeadshot2025/597.png,https://documents.iplt20.com/ipl/IPLHeadshot2025/1932.png
T207920,"May 27, 2025",LSG Vs RCB,"70th Match (N), Lucknow, May 27, 2025,Indian Premier League","Royal Challengers Bengaluru, elected to field first",LSG,Rishabh Pant,227/3,RCB,Jitesh Sharma,"(18.4/20 ov, T:228) 230/4",RCB,RCB won by 6 wickets (with 8 balls remaining),Jitesh Sharma,https://documents.iplt20.com/ipl/LSG/Logos/Logooutline/LSGoutline.png,https://documents.iplt20.com/ipl/RCB/Logos/Logooutline/RCBoutline.png,Lucknow Super Giants,Royal Challengers Bengaluru,https://documents.iplt20.com/ipl/IPLHeadshot2025/18.png,https://documents.iplt20.com/ipl/IPLHeadshot2025/1000.png,https://documents.iplt20.com/ipl/IPLHeadshot2025/1000.png
T207014,"May 26, 2025",MI Vs PBKS,"69th Match (N), Jaipur, May 26, 2025,Indian Premier League","Punjab Kings, elected to field first",MI,Hardik Pandya,184/7,PBKS,Shreyas Iyer,"(18.3/20 ov, T:185) 187/3",PBKS,PBKS won by 7 wickets (with 9 balls remaining),Josh Inglis,https://documents.iplt20.com/ipl/MI/Logos/Logooutline/MIoutline.png,https://documents.iplt20.com/ipl/PBKS/Logos/Logooutline/PBKSoutline.png,Mumbai Indians,Punjab Kings,https://documents.iplt20.com/ipl/IPLHeadshot2025/54.png,https://documents.iplt20.com/ipl/IPLHeadshot2025/12.png,https://documents.iplt20.com/ipl/IPLHeadshot2025/647.png
T202020,"May 25, 2025",SRH Vs KKR,"68th Match (N), Delhi, May 25, 2025,Indian Premier League","Sunrisers Hyderabad, elected to bat first",SRH,Pat Cummins,278/3,KKR,Ajinkya Rahane,"(18.4/20 ov, T:279) 168",SRH,SRH won by 110 runs,Heinrich Klaasen,https://documents.iplt20.com/ipl/SRH/Logos/Logooutline/SRHoutline.png,https://documents.iplt20.com/ipl/KKR/Logos/Logooutline/KKRoutline.png,Sunrisers Hyderabad,Kolkata Knight Riders,https://documents.iplt20.com/ipl/IPLHeadshot2025/33.png,https://documents.iplt20.com/ipl/IPLHeadshot2025/44.png,https://documents.iplt20.com/ipl/IPLHeadshot2025/202.png
T206757,"May 25, 2025",CSK Vs GT,"67th Match (D/N), Ahmedabad, May 25, 2025,Indian Premier League","Chennai Super Kings, elected to bat first",CSK,,230/5,GT,Shubman Gill,"(18.3/20 ov, T:231) 147",CSK,CSK won by 83 runs,Dewald Brevis,https://documents.iplt20.com/ipl/CSK/logos/Logooutline/CSKoutline.png,https://documents.iplt20.com/ipl/GT/Logos/Logooutline/GToutline.png,Chennai Super Kings,Gujarat Titans,,https://documents.iplt20.com/ipl/IPLHeadshot2025/62.png,https://documents.iplt20.com/ipl/IPLHeadshot2025/797.png
T204213,"May 24, 2025",PBKS Vs DC,"66th Match (N), Jaipur, May 24, 2025,Indian Premier League","Delhi Capitals, elected to field first",PBKS,Shreyas Iyer,206/8,DC,Faf du Plessis,"(19.3/20 ov, T:207) 208/4",DC,DC won by 6 wickets (with 3 balls remaining),Sameer Rizvi,https://documents.iplt20.com/ipl/PBKS/Logos/Logooutline/PBKSoutline.png,https://documents.iplt20.com/ipl/DC/Logos/LogoOutline/DCoutline.png,Punjab Kings,Delhi Capitals,https://documents.iplt20.com/ipl/IPLHeadshot2025/12.png,https://documents.iplt20.com/ipl/IPLHeadshot2025/94.png,https://documents.iplt20.com/ipl/IPLHeadshot2025/1229.png
T208879,"May 23, 2025",SRH Vs RCB,"65th Match (N), Lucknow, May 23, 2025,Indian Premier League","Royal Challengers Bengaluru, elected to field first",SRH,Pat Cummins,231/6,RCB,Jitesh Sharma,"(19.5/20 ov, T:232) 189",SRH,SRH won by 42 runs,Ishan Kishan,https://documents.iplt20.com/ipl/SRH/Logos/Logooutline/SRHoutline.png,https://documents.iplt20.com/ipl/RCB/Logos/Logooutline/RCBoutline.png,Sunrisers Hyderabad,Royal Challengers Bengaluru,https://documents.iplt20.com/ipl/IPLHeadshot2025/33.png,https://documents.iplt20.com/ipl/IPLHeadshot2025/1000.png,https://documents.iplt20.com/ipl/IPLHeadshot2025/164.png
T203560,"May 22, 2025",LSG Vs GT,"64th Match (N), Ahmedabad, May 22, 2025,Indian Premier League","Gujarat Titans, elected to field first",LSG,Rishabh Pant,235/2,GT,Shubman Gill,"(20 ov, T:236) 202/9",LSG,LSG won by 33 runs,Mitchell Marsh,https://documents.iplt20.com/ipl/LSG/Logos/Logooutline/LSGoutline.png,https://documents.iplt20.com/ipl/GT/Logos/Logooutline/GToutline.png,Lucknow Super Giants,Gujarat Titans,https://documents.iplt20.com/ipl/IPLHeadshot2025/18.png,https://documents.iplt20.com/ipl/IPLHeadshot2025/62.png,https://documents.iplt20.com/ipl/IPLHeadshot2025/40.png
T205979,"May 21, 2025",MI Vs DC,"63rd Match (N), Wankhede, May 21, 2025,Indian Premier League","Delhi Capitals, elected to field first",MI,Hardik Pandya,180/5,DC,Faf du Plessis,"(18.2/20 ov, T:181) 121",MI,MI won by 59 runs,Suryakumar Yadav,https://documents.iplt20.com/ipl/MI/Logos/Logooutline/MIoutline.png,https://documents.iplt20.com/ipl/DC/Logos/LogoOutline/DCoutline.png,Mumbai Indians,Delhi Capitals,https://documents.iplt20.com/ipl/IPLHeadshot2025/54.png,https://documents.iplt20.com/ipl/IPLHeadshot2025/94.png,https://documents.iplt20.com/ipl/IPLHeadshot2025/174.png
T206329,"May 20, 2025",CSK Vs RR,"62nd Match (N), Delhi, May 20, 2025,Indian Premier League","Rajasthan Royals, elected to field first",CSK,MS Dhoni,187/8,RR,Sanju Samson,"(17.1/20 ov, T:188) 188/4",RR,RR won by 6 wickets (with 17 balls remaining),Akash Madhwal,https://documents.iplt20.com/ipl/CSK/logos/Logooutline/CSKoutline.png,https://documents.iplt20.com/ipl/RR/Logos/Logooutline/RRoutline.png,Chennai Super Kings,Rajasthan Royals,https://documents.iplt20.com/ipl/IPLHeadshot2025/57.png,https://documents.iplt20.com/ipl/IPLHeadshot2025/190.png,https://documents.iplt20.com/ipl/IPLHeadshot2025/1045.png
T207824,"May 19, 2025",LSG Vs SRH,"61st Match (N), Lucknow, May 19, 2025,Indian Premier League","Sunrisers Hyderabad, elected to field first",LSG,Rishabh Pant,205/7,SRH,Pat Cummins,"(18.2/20 ov, T:206) 206/4",SRH,SRH won by 6 wickets (with 10 balls remaining),Abhishek Sharma,https://documents.iplt20.com/ipl/LSG/Logos/Logooutline/LSGoutline.png,https://documents.iplt20.com/ipl/SRH/Logos/Logooutline/SRHoutline.png,Lucknow Super Giants,Sunrisers Hyderabad,https://documents.iplt20.com/ipl/IPLHeadshot2025/18.png,https://documents.iplt20.com/ipl/IPLHeadshot2025/33.png,https://documents.iplt20.com/ipl/IPLHeadshot2025/212.png
T204982,"May 18, 2025",DC Vs GT,"60th Match (N), Delhi, May 18, 2025,Indian Premier League","Gujarat Titans, elected to field first",DC,Axar Patel,199/3,GT,Shubman Gill,"(19/20 ov, T:200) 205/0",GT,GT won by 10 wickets (with 6 balls remaining),Sai Sudharsan,https://documents.iplt20.com/ipl/DC/Logos/LogoOutline/DCoutline.png,https://documents.iplt20.com/ipl/GT/Logos/Logooutline/GToutline.png,Delhi Capitals,Gujarat Titans,https://documents.iplt20.com/ipl/IPLHeadshot2025/110.png,https://documents.iplt20.com/ipl/IPLHeadshot2025/62.png,https://documents.iplt20.com/ipl/IPLHeadshot2025/976.png
T204891,"May 18, 2025",PBKS Vs RR,"59th Match (D/N), Jaipur, May 18, 2025,Indian Premier League","Punjab Kings, elected to bat first",PBKS,Shreyas Iyer,219/5,RR,Sanju Samson,"(20 ov, T:220) 209/7",PBKS,PBKS won by 10 runs,Harpreet Brar,https://documents.iplt20.com/ipl/PBKS/Logos/Logooutline/PBKSoutline.png,https://documents.iplt20.com/ipl/RR/Logos/Logooutline/RRoutline.png,Punjab Kings,Rajasthan Royals,https://documents.iplt20.com/ipl/IPLHeadshot2025/12.png,https://documents.iplt20.com/ipl/IPLHeadshot2025/190.png,https://documents.iplt20.com/ipl/IPLHeadshot2025/130.png
T209042,"May 7, 2025",KKR Vs CSK,"57th Match (N), Eden Gardens, May 07, 2025,Indian Premier League","Kolkata Knight Riders, elected to bat first",KKR,Ajinkya Rahane,179/6,CSK,MS Dhoni,"(19.4/20 ov, T:180) 183/8",CSK,CSK won by 2 wickets (with 2 balls remaining),Noor Ahmad,https://documents.iplt20.com/ipl/KKR/Logos/Logooutline/KKRoutline.png,https://documents.iplt20.com/ipl/CSK/logos/Logooutline/CSKoutline.png,Kolkata Knight Riders,Chennai Super Kings,https://documents.iplt20.com/ipl/IPLHeadshot2025/44.png,https://documents.iplt20.com/ipl/IPLHeadshot2025/57.png,https://documents.iplt20.com/ipl/IPLHeadshot2025/975.png
T202937,"May 6, 2025",MI Vs GT,"56th Match (N), Wankhede, May 06, 2025,Indian Premier League","Gujarat Titans, elected to field first",MI,Hardik Pandya,155/8,GT,Shubman Gill,"(19/19 ov, T:147) 147/7",GT,GT won by 3 wickets (with 0 balls remaining) (DLS method),Shubman Gill,https://documents.iplt20.com/ipl/MI/Logos/Logooutline/MIoutline.png,https://documents.iplt20.com/ipl/GT/Logos/Logooutline/GToutline.png,Mumbai Indians,Gujarat Titans,https://documents.iplt20.com/ipl/IPLHeadshot2025/54.png,https://documents.iplt20.com/ipl/IPLHeadshot2025/62.png,https://documents.iplt20.com/ipl/IPLHeadshot2025/62.png
T205452,"May 4, 2025",PBKS Vs LSG,"54th Match (N), Dharamsala, May 04, 2025,Indian Premier League","Lucknow Super Giants, elected to field first",PBKS,Shreyas Iyer,236/5,LSG,Rishabh Pant,"(20 ov, T:237) 199/7",PBKS,PBKS won by 37 runs,Prabhsimran Singh,https://documents.iplt20.com/ipl/PBKS/Logos/Logooutline/PBKSoutline.png,https://documents.iplt20.com/ipl/LSG/Logos/Logooutline/LSGoutline.png,Punjab Kings,Lucknow Super Giants,https://documents.iplt20.com/ipl/IPLHeadshot2025/12.png,https://documents.iplt20.com/ipl/IPLHeadshot2025/18.png,https://documents.iplt20.com/ipl/IPLHeadshot2025/137.png
T206367,"May 4, 2025",KKR Vs RR,"53rd Match (D/N), Eden Gardens, May 04, 2025,Indian Premier League","Kolkata Knight Riders, elected to bat first",KKR,Ajinkya Rahane,206/4,RR,Riyan Parag,"(20 ov, T:207) 205/8",KKR,KKR won by 1 run,Andre Russell,https://documents.iplt20.com/ipl/KKR/Logos/Logooutline/KKRoutline.png,https://documents.iplt20.com/ipl/RR/Logos/Logooutline/RRoutline.png,Kolkata Knight Riders,Rajasthan Royals,https://documents.iplt20.com/ipl/IPLHeadshot2025/44.png,https://documents.iplt20.com/ipl/IPLHeadshot2025/189.png,https://documents.iplt20.com/ipl/IPLHeadshot2025/141.png
T205495,"May 3, 2025",RCB Vs CSK,"52nd Match (N), Bengaluru, May 03, 2025,Indian Premier League","Chennai Super Kings, elected to field first",RCB,Rajat Patidar,213/5,CSK,MS Dhoni,"(20 ov, T:214) 211/5",RCB,RCB won by 2 runs,Romario Shepherd,https://documents.iplt20.com/ipl/RCB/Logos/Logooutline/RCBoutline.png,https://documents.iplt20.com/ipl/CSK/logos/Logooutline/CSKoutline.png,Royal Challengers Bengaluru,Chennai Super Kings,https://documents.iplt20.com/ipl/IPLHeadshot2025/597.png,https://documents.iplt20.com/ipl/IPLHeadshot2025/57.png,https://documents.iplt20.com/ipl/IPLHeadshot2025/371.png
T204385,"May 2, 2025",GT Vs SRH,"51st Match (N), Ahmedabad, May 02, 2025,Indian Premier League","Sunrisers Hyderabad, elected to field first",GT,Shubman Gill,224/6,SRH,Pat Cummins,"(20 ov, T:225) 186/6",GT,GT won by 38 runs,Prasidh Krishna,https://documents.iplt20.com/ipl/GT/Logos/Logooutline/GToutline.png,https://documents.iplt20.com/ipl/SRH/Logos/Logooutline/SRHoutline.png,Gujarat Titans,Sunrisers Hyderabad,https://documents.iplt20.com/ipl/IPLHeadshot2025/62.png,https://documents.iplt20.com/ipl/IPLHeadshot2025/33.png,https://documents.iplt20.com/ipl/IPLHeadshot2025/150.png
T207676,"May 1, 2025",MI Vs RR,"50th Match (N), Jaipur, May 01, 2025,Indian Premier League","Rajasthan Royals, elected to field first",MI,Hardik Pandya,217/2,RR,Riyan Parag,"(16.1/20 ov, T:218) 117",MI,MI won by 100 runs,Ryan Rickelton,https://documents.iplt20.com/ipl/MI/Logos/Logooutline/MIoutline.png,https://documents.iplt20.com/ipl/RR/Logos/Logooutline/RRoutline.png,Mumbai Indians,Rajasthan Royals,https://documents.iplt20.com/ipl/IPLHeadshot2025/54.png,https://documents.iplt20.com/ipl/IPLHeadshot2025/189.png,https://documents.iplt20.com/ipl/IPLHeadshot2025/743.png
T207764,"Apr 30, 2025",CSK Vs PBKS,"49th Match (N), Chennai, April 30, 2025,Indian Premier League","Punjab Kings, elected to field first",CSK,MS Dhoni,190,PBKS,Shreyas Iyer,"(19.4/20 ov, T:191) 194/6",PBKS,PBKS won by 4 wickets (with 2 balls remaining),Shreyas Iyer,https://documents.iplt20.com/ipl/CSK/logos/Logooutline/CSKoutline.png,https://documents.iplt20.com/ipl/PBKS/Logos/Logooutline/PBKSoutline.png,Chennai Super Kings,Punjab Kings,https://documents.iplt20.com/ipl/IPLHeadshot2025/57.png,https://documents.iplt20.com/ipl/IPLHeadshot2025/12.png,https://documents.iplt20.com/ipl/IPLHeadshot2025/12.png
T206881,"Apr 29, 2025",KKR Vs DC,"48th Match (N), Delhi, April 29, 2025,Indian Premier League","Delhi Capitals, elected to field first",KKR,Ajinkya Rahane,204/9,DC,Axar Patel,"(20 ov, T:205) 190/9",KKR,KKR won by 14 runs,Sunil Narine,https://documents.iplt20.com/ipl/KKR/Logos/Logooutline/KKRoutline.png,https://documents.iplt20.com/ipl/DC/Logos/LogoOutline/DCoutline.png,Kolkata Knight Riders,Delhi Capitals,https://documents.iplt20.com/ipl/IPLHeadshot2025/44.png,https://documents.iplt20.com/ipl/IPLHeadshot2025/110.png,https://documents.iplt20.com/ipl/IPLHeadshot2025/156.png
T205938,"Apr 28, 2025",GT Vs RR,"47th Match (N), Jaipur, April 28, 2025,Indian Premier League","Rajasthan Royals, elected to field first",GT,Shubman Gill,209/4,RR,Riyan Parag,"(15.5/20 ov, T:210) 212/2",RR,RR won by 8 wickets (with 25 balls remaining),Vaibhav Suryavanshi,https://documents.iplt20.com/ipl/GT/Logos/Logooutline/GToutline.png,https://documents.iplt20.com/ipl/RR/Logos/Logooutline/RRoutline.png,Gujarat Titans,Rajasthan Royals,https://documents.iplt20.com/ipl/IPLHeadshot2025/62.png,https://documents.iplt20.com/ipl/IPLHeadshot2025/189.png,https://documents.iplt20.com/ipl/IPLHeadshot2025/3498.png
T209925,"Apr 27, 2025",DC Vs RCB,"46th Match (N), Delhi, April 27, 2025,Indian Premier League","Royal Challengers Bengaluru, elected to field first",DC,Axar Patel,162/8,RCB,Rajat Patidar,"(18.3/20 ov, T:163) 165/4",RCB,RCB won by 6 wickets (with 9 balls remaining),Krunal Pandya,https://documents.iplt20.com/ipl/DC/Logos/LogoOutline/DCoutline.png,https://documents.iplt20.com/ipl/RCB/Logos/Logooutline/RCBoutline.png,Delhi Capitals,Royal Challengers Bengaluru,https://documents.iplt20.com/ipl/IPLHeadshot2025/110.png,https://documents.iplt20.com/ipl/IPLHeadshot2025/597.png,https://documents.iplt20.com/ipl/IPLHeadshot2025/17.png
T203916,"Apr 27, 2025",MI Vs LSG,"45th Match (D/N), Wankhede, April 27, 2025,Indian Premier League","Lucknow Super Giants, elected to field first",MI,Hardik Pandya,215/7,LSG,Rishabh Pant,"(20 ov, T:216) 161",MI,MI won by 54 runs,Will Jacks,https://documents.iplt20.com/ipl/MI/Logos/Logooutline/MIoutline.png,https://documents.iplt20.com/ipl/LSG/Logos/Logooutline/LSGoutline.png,Mumbai Indians,Lucknow Super Giants,https://documents.iplt20.com/ipl/IPLHeadshot2025/54.png,https://documents.iplt20.com/ipl/IPLHeadshot2025/18.png,https://documents.iplt20.com/ipl/IPLHeadshot2025/1941.png
T203004,"Apr 25, 2025",CSK Vs SRH,"43rd Match (N), Chennai, April 25, 2025,Indian Premier League","Sunrisers Hyderabad, elected to field first",CSK,MS Dhoni,154,SRH,Pat Cummins,"(18.4/20 ov, T:155) 155/5",SRH,SRH won by 5 wickets (with 8 balls remaining),Harshal Patel,https://documents.iplt20.com/ipl/CSK/logos/Logooutline/CSKoutline.png,https://documents.iplt20.com/ipl/SRH/Logos/Logooutline/SRHoutline.png,Chennai Super Kings,Sunrisers Hyderabad,https://documents.iplt20.com/ipl/IPLHeadshot2025/57.png,https://documents.iplt20.com/ipl/IPLHeadshot2025/33.png,https://documents.iplt20.com/ipl/IPLHeadshot2025/114.png
T207805,"Apr 24, 2025",RCB Vs RR,"42nd Match (N), Bengaluru, April 24, 2025,Indian Premier League","Rajasthan Royals, elected to field first",RCB,Rajat Patidar,205/5,RR,Riyan Parag,"(20 ov, T:206) 194/9",RCB,RCB won by 11 runs,Josh Hazlewood,https://documents.iplt20.com/ipl/RCB/Logos/Logooutline/RCBoutline.png,https://documents.iplt20.com/ipl/RR/Logos/Logooutline/RRoutline.png,Royal Challengers Bengaluru,Rajasthan Royals,https://documents.iplt20.com/ipl/IPLHeadshot2025/597.png,https://documents.iplt20.com/ipl/IPLHeadshot2025/189.png,https://documents.iplt20.com/ipl/IPLHeadshot2025/36.png
T207487,"Apr 23, 2025",SRH Vs MI,"41st Match (N), Hyderabad, April 23, 2025,Indian Premier League","Mumbai Indians, elected to field first",SRH,Pat Cummins,143/8,MI,Hardik Pandya,"(15.4/20 ov, T:144) 146/3",MI,MI won by 7 wickets (with 26 balls remaining),Trent Boult,https://documents.iplt20.com/ipl/SRH/Logos/Logooutline/SRHoutline.png,https://documents.iplt20.com/ipl/MI/Logos/Logooutline/MIoutline.png,Sunrisers Hyderabad,Mumbai Indians,https://documents.iplt20.com/ipl/IPLHeadshot2025/33.png,https://documents.iplt20.com/ipl/IPLHeadshot2025/54.png,https://documents.iplt20.com/ipl/IPLHeadshot2025/66.png
T207474,"Apr 22, 2025",LSG Vs DC,"40th Match (N), Lucknow, April 22, 2025,Indian Premier League","Delhi Capitals, elected to field first",LSG,Rishabh Pant,159/6,DC,Axar Patel,"(17.5/20 ov, T:160) 161/2",DC,DC won by 8 wickets (with 13 balls remaining),Mukesh Kumar,https://documents.iplt20.com/ipl/LSG/Logos/Logooutline/LSGoutline.png,https://documents.iplt20.com/ipl/DC/Logos/LogoOutline/DCoutline.png,Lucknow Super Giants,Delhi Capitals,https://documents.iplt20.com/ipl/IPLHeadshot2025/18.png,https://documents.iplt20.com/ipl/IPLHeadshot2025/110.png,https://documents.iplt20.com/ipl/IPLHeadshot2025/1462.png
T205989,"Apr 21, 2025",GT Vs KKR,"39th Match (N), Eden Gardens, April 21, 2025,Indian Premier League","Kolkata Knight Riders, elected to field first",GT,Shubman Gill,198/3,KKR,Ajinkya Rahane,"(20 ov, T:199) 159/8",GT,GT won by 39 runs,Shubman Gill,https://documents.iplt20.com/ipl/GT/Logos/Logooutline/GToutline.png,https://documents.iplt20.com/ipl/KKR/Logos/Logooutline/KKRoutline.png,Gujarat Titans,Kolkata Knight Riders,https://documents.iplt20.com/ipl/IPLHeadshot2025/62.png,https://documents.iplt20.com/ipl/IPLHeadshot2025/44.png,https://documents.iplt20.com/ipl/IPLHeadshot2025/62.png
T201225,"Apr 20, 2025",CSK Vs MI,"38th Match (N), Wankhede, April 20, 2025,Indian Premier League","Mumbai Indians, elected to field first",CSK,MS Dhoni,176/5,MI,Hardik Pandya,"(15.4/20 ov, T:177) 177/1",MI,MI won by 9 wickets (with 26 balls remaining),Rohit Sharma,https://documents.iplt20.com/ipl/CSK/logos/Logooutline/CSKoutline.png,https://documents.iplt20.com/ipl/MI/Logos/Logooutline/MIoutline.png,Chennai Super Kings,Mumbai Indians,https://documents.iplt20.com/ipl/IPLHeadshot2025/57.png,https://documents.iplt20.com/ipl/IPLHeadshot2025/54.png,https://documents.iplt20.com/ipl/IPLHeadshot2025/6.png
T208475,"Apr 20, 2025",PBKS Vs RCB,"37th Match (D/N), New Chandigarh, April 20, 2025,Indian Premier League","Royal Challengers Bengaluru, elected to field first",PBKS,Shreyas Iyer,157/6,RCB,Rajat Patidar,"(18.5/20 ov, T:158) 159/3",RCB,RCB won by 7 wickets (with 7 balls remaining),Virat Kohli,https://documents.iplt20.com/ipl/PBKS/Logos/Logooutline/PBKSoutline.png,https://documents.iplt20.com/ipl/RCB/Logos/Logooutline/RCBoutline.png,Punjab Kings,Royal Challengers Bengaluru,https://documents.iplt20.com/ipl/IPLHeadshot2025/12.png,https://documents.iplt20.com/ipl/IPLHeadshot2025/597.png,https://documents.iplt20.com/ipl/IPLHeadshot2025/2.png
T206219,"Apr 19, 2025",LSG Vs RR,"36th Match (N), Jaipur, April 19, 2025,Indian Premier League","Lucknow Super Giants, elected to bat first",LSG,Rishabh Pant,180/5,RR,Riyan Parag,"(20 ov, T:181) 178/5",LSG,LSG won by 2 runs,Avesh Khan,https://documents.iplt20.com/ipl/LSG/Logos/Logooutline/LSGoutline.png,https://documents.iplt20.com/ipl/RR/Logos/Logooutline/RRoutline.png,Lucknow Super Giants,Rajasthan Royals,https://documents.iplt20.com/ipl/IPLHeadshot2025/18.png,https://documents.iplt20.com/ipl/IPLHeadshot2025/189.png,https://documents.iplt20.com/ipl/IPLHeadshot2025/109.png
T201519,"Apr 19, 2025",DC Vs GT,"35th Match (D/N), Ahmedabad, April 19, 2025,Indian Premier League","Gujarat Titans, elected to field first",DC,Axar Patel,203/8,GT,Shubman Gill,"(19.2/20 ov, T:204) 204/3",GT,GT won by 7 wickets (with 4 balls remaining),Jos Buttler,https://documents.iplt20.com/ipl/DC/Logos/LogoOutline/DCoutline.png,https://documents.iplt20.com/ipl/GT/Logos/Logooutline/GToutline.png,Delhi Capitals,Gujarat Titans,https://documents.iplt20.com/ipl/IPLHeadshot2025/110.png,https://documents.iplt20.com/ipl/IPLHeadshot2025/62.png,https://documents.iplt20.com/ipl/IPLHeadshot2025/182.png
T202862,"Apr 18, 2025",RCB Vs PBKS,"34th Match (N), Bengaluru, April 18, 2025,Indian Premier League","Punjab Kings, elected to field first",RCB,Rajat Patidar,95/9,PBKS,Shreyas Iyer,"(12.1/14 ov, T:96) 98/5",PBKS,PBKS won by 5 wickets (with 11 balls remaining),Tim David,https://documents.iplt20.com/ipl/RCB/Logos/Logooutline/RCBoutline.png,https://documents.iplt20.com/ipl/PBKS/Logos/Logooutline/PBKSoutline.png,Royal Challengers Bengaluru,Punjab Kings,https://documents.iplt20.com/ipl/IPLHeadshot2025/597.png,https://documents.iplt20.com/ipl/IPLHeadshot2025/12.png,https://documents.iplt20.com/ipl/IPLHeadshot2025/636.png
T201082,"Apr 17, 2025",SRH Vs MI,"33rd Match (N), Wankhede, April 17, 2025,Indian Premier League","Mumbai Indians, elected to field first",SRH,Pat Cummins,162/5,MI,Hardik Pandya,"(18.1/20 ov, T:163) 166/6",MI,MI won by 4 wickets (with 11 balls remaining),Will Jacks,https://documents.iplt20.com/ipl/SRH/Logos/Logooutline/SRHoutline.png,https://documents.iplt20.com/ipl/MI/Logos/Logooutline/MIoutline.png,Sunrisers Hyderabad,Mumbai Indians,https://documents.iplt20.com/ipl/IPLHeadshot2025/33.png,https://documents.iplt20.com/ipl/IPLHeadshot2025/54.png,https://documents.iplt20.com/ipl/IPLHeadshot2025/1941.png
T205036,"Apr 16, 2025",DC Vs RR,"32nd Match (N), Delhi, April 16, 2025,Indian Premier League","Rajasthan Royals, elected to field first",DC,Axar Patel,188/5,RR,Sanju Samson,"(20 ov, T:189) 188/4",tied,Match tied (DC won the Super Over),Mitchell Starc,https://documents.iplt20.com/ipl/DC/Logos/LogoOutline/DCoutline.png,https://documents.iplt20.com/ipl/RR/Logos/Logooutline/RRoutline.png,Delhi Capitals,Rajasthan Royals,https://documents.iplt20.com/ipl/IPLHeadshot2025/110.png,https://documents.iplt20.com/ipl/IPLHeadshot2025/190.png,https://documents.iplt20.com/ipl/IPLHeadshot2025/31.png
T208482,"Apr 15, 2025",PBKS Vs KKR,"31st Match (N), New Chandigarh, April 15, 2025,Indian Premier League","Punjab Kings, elected to bat first",PBKS,Shreyas Iyer,111,KKR,Ajinkya Rahane,"(15.1/20 ov, T:112) 95",PBKS,PBKS won by 16 runs,Yuzvendra Chahal,https://documents.iplt20.com/ipl/PBKS/Logos/Logooutline/PBKSoutline.png,https://documents.iplt20.com/ipl/KKR/Logos/Logooutline/KKRoutline.png,Punjab Kings,Kolkata Knight Riders,https://documents.iplt20.com/ipl/IPLHeadshot2025/12.png,https://documents.iplt20.com/ipl/IPLHeadshot2025/44.png,https://documents.iplt20.com/ipl/IPLHeadshot2025/10.png
T201652,"Apr 14, 2025",LSG Vs CSK,"30th Match (N), Lucknow, April 14, 2025,Indian Premier League","Chennai Super Kings, elected to field first",LSG,Rishabh Pant,166/7,CSK,MS Dhoni,"(19.3/20 ov, T:167) 168/5",CSK,CSK won by 5 wickets (with 3 balls remaining),MS Dhoni,https://documents.iplt20.com/ipl/LSG/Logos/Logooutline/LSGoutline.png,https://documents.iplt20.com/ipl/CSK/logos/Logooutline/CSKoutline.png,Lucknow Super Giants,Chennai Super Kings,https://documents.iplt20.com/ipl/IPLHeadshot2025/18.png,https://documents.iplt20.com/ipl/IPLHeadshot2025/57.png,https://documents.iplt20.com/ipl/IPLHeadshot2025/57.png
T207454,"Apr 13, 2025",MI Vs DC,"29th Match (N), Delhi, April 13, 2025,Indian Premier League","Delhi Capitals, elected to field first",MI,Hardik Pandya,205/5,DC,Axar Patel,"(19/20 ov, T:206) 193",MI,MI won by 12 runs,Karn Sharma,https://documents.iplt20.com/ipl/MI/Logos/Logooutline/MIoutline.png,https://documents.iplt20.com/ipl/DC/Logos/LogoOutline/DCoutline.png,Mumbai Indians,Delhi Capitals,https://documents.iplt20.com/ipl/IPLHeadshot2025/54.png,https://documents.iplt20.com/ipl/IPLHeadshot2025/110.png,https://documents.iplt20.com/ipl/IPLHeadshot2025/98.png
T201189,"Apr 13, 2025",RR Vs RCB,"28th Match (D/N), Jaipur, April 13, 2025,Indian Premier League","Royal Challengers Bengaluru, elected to field first",RR,Sanju Samson,173/4,RCB,Rajat Patidar,"(17.3/20 ov, T:174) 175/1",RCB,RCB won by 9 wickets (with 15 balls remaining),Phil Salt,https://documents.iplt20.com/ipl/RR/Logos/Logooutline/RRoutline.png,https://documents.iplt20.com/ipl/RCB/Logos/Logooutline/RCBoutline.png,Rajasthan Royals,Royal Challengers Bengaluru,https://documents.iplt20.com/ipl/IPLHeadshot2025/190.png,https://documents.iplt20.com/ipl/IPLHeadshot2025/597.png,https://documents.iplt20.com/ipl/IPLHeadshot2025/1220.png
T209279,"Apr 12, 2025",PBKS Vs SRH,"27th Match (N), Hyderabad, April 12, 2025,Indian Premier League","Punjab Kings, elected to bat first",PBKS,Shreyas Iyer,245/6,SRH,Pat Cummins,"(18.3/20 ov, T:246) 247/2",SRH,SRH won by 8 wickets (with 9 balls remaining),Abhishek Sharma,https://documents.iplt20.com/ipl/PBKS/Logos/Logooutline/PBKSoutline.png,https://documents.iplt20.com/ipl/SRH/Logos/Logooutline/SRHoutline.png,Punjab Kings,Sunrisers Hyderabad,https://documents.iplt20.com/ipl/IPLHeadshot2025/12.png,https://documents.iplt20.com/ipl/IPLHeadshot2025/33.png,https://documents.iplt20.com/ipl/IPLHeadshot2025/212.png
T205772,"Apr 12, 2025",GT Vs LSG,"26th Match (D/N), Lucknow, April 12, 2025,Indian Premier League","Lucknow Super Giants, elected to field first",GT,Shubman Gill,180/6,LSG,Rishabh Pant,"(19.3/20 ov, T:181) 186/4",LSG,LSG won by 6 wickets (with 3 balls remaining),Aiden Markram,https://documents.iplt20.com/ipl/GT/Logos/Logooutline/GToutline.png,https://documents.iplt20.com/ipl/LSG/Logos/Logooutline/LSGoutline.png,Gujarat Titans,Lucknow Super Giants,https://documents.iplt20.com/ipl/IPLHeadshot2025/62.png,https://documents.iplt20.com/ipl/IPLHeadshot2025/18.png,https://documents.iplt20.com/ipl/IPLHeadshot2025/287.png
T202770,"Apr 11, 2025",CSK Vs KKR,"25th Match (N), Chennai, April 11, 2025,Indian Premier League","Kolkata Knight Riders, elected to field first",CSK,MS Dhoni,103/9,KKR,Ajinkya Rahane,"(10.1/20 ov, T:104) 107/2",KKR,KKR won by 8 wickets (with 59 balls remaining),Sunil Narine,https://documents.iplt20.com/ipl/CSK/logos/Logooutline/CSKoutline.png,https://documents.iplt20.com/ipl/KKR/Logos/Logooutline/KKRoutline.png,Chennai Super Kings,Kolkata Knight Riders,https://documents.iplt20.com/ipl/IPLHeadshot2025/57.png,https://documents.iplt20.com/ipl/IPLHeadshot2025/44.png,https://documents.iplt20.com/ipl/IPLHeadshot2025/156.png
T201710,"Apr 10, 2025",RCB Vs DC,"24th Match (N), Bengaluru, April 10, 2025,Indian Premier League","Delhi Capitals, elected to field first",RCB,Rajat Patidar,163/7,DC,Axar Patel,"(17.5/20 ov, T:164) 169/4",DC,DC won by 6 wickets (with 13 balls remaining),KL Rahul,https://documents.iplt20.com/ipl/RCB/Logos/Logooutline/RCBoutline.png,https://documents.iplt20.com/ipl/DC/Logos/LogoOutline/DCoutline.png,Royal Challengers Bengaluru,Delhi Capitals,https://documents.iplt20.com/ipl/IPLHeadshot2025/597.png,https://documents.iplt20.com/ipl/IPLHeadshot2025/110.png,https://documents.iplt20.com/ipl/IPLHeadshot2025/19.png
T205359,"Apr 9, 2025",GT Vs RR,"23rd Match (N), Ahmedabad, April 09, 2025,Indian Premier League","Rajasthan Royals, elected to field first",GT,Shubman Gill,217/6,RR,Sanju Samson,"(19.2/20 ov, T:218) 159",GT,GT won by 58 runs,Sai Sudharsan,https://documents.iplt20.com/ipl/GT/Logos/Logooutline/GToutline.png,https://documents.iplt20.com/ipl/RR/Logos/Logooutline/RRoutline.png,Gujarat Titans,Rajasthan Royals,https://documents.iplt20.com/ipl/IPLHeadshot2025/62.png,https://documents.iplt20.com/ipl/IPLHeadshot2025/190.png,https://documents.iplt20.com/ipl/IPLHeadshot2025/976.png
T206346,"Apr 8, 2025",PBKS Vs CSK,"22nd Match (N), New Chandigarh, April 08, 2025,Indian Premier League","Punjab Kings, elected to bat first",PBKS,Shreyas Iyer,219/6,CSK,Ruturaj Gaikwad,"(20 ov, T:220) 201/5",PBKS,PBKS won by 18 runs,Priyansh Arya,https://documents.iplt20.com/ipl/PBKS/Logos/Logooutline/PBKSoutline.png,https://documents.iplt20.com/ipl/CSK/logos/Logooutline/CSKoutline.png,Punjab Kings,Chennai Super Kings,https://documents.iplt20.com/ipl/IPLHeadshot2025/12.png,https://documents.iplt20.com/ipl/IPLHeadshot2025/102.png,https://documents.iplt20.com/ipl/IPLHeadshot2025/3571.png
T202552,"Apr 8, 2025",LSG Vs KKR,"21st Match (D/N), Eden Gardens, April 08, 2025,Indian Premier League","Kolkata Knight Riders, elected to field first",LSG,,238/3,KKR,Ajinkya Rahane,"(20 ov, T:239) 234/7",LSG,LSG won by 4 runs,Nicholas Pooran,https://documents.iplt20.com/ipl/LSG/Logos/Logooutline/LSGoutline.png,https://documents.iplt20.com/ipl/KKR/Logos/Logooutline/KKRoutline.png,Lucknow Super Giants,Kolkata Knight Riders,,https://documents.iplt20.com/ipl/IPLHeadshot2025/44.png,https://documents.iplt20.com/ipl/IPLHeadshot2025/136.png
T206019,"Apr 7, 2025",RCB Vs MI,"20th Match (N), Wankhede, April 07, 2025,Indian Premier League","Mumbai Indians, elected to field first",RCB,Rajat Patidar,221/5,MI,Hardik Pandya,"(20 ov, T:222) 209/9",RCB,RCB won by 12 runs,Rajat Patidar,https://documents.iplt20.com/ipl/RCB/Logos/Logooutline/RCBoutline.png,https://documents.iplt20.com/ipl/MI/Logos/Logooutline/MIoutline.png,Royal Challengers Bengaluru,Mumbai Indians,https://documents.iplt20.com/ipl/IPLHeadshot2025/597.png,https://documents.iplt20.com/ipl/IPLHeadshot2025/54.png,https://documents.iplt20.com/ipl/IPLHeadshot2025/597.png
T209055,"Apr 6, 2025",SRH Vs GT,"19th Match (N), Hyderabad, April 06, 2025,Indian Premier League","Gujarat Titans, elected to field first",SRH,Pat Cummins,152/8,GT,Shubman Gill,"(16.4/20 ov, T:153) 153/3",GT,GT won by 7 wickets (with 20 balls remaining),Mohammed Siraj,https://documents.iplt20.com/ipl/SRH/Logos/Logooutline/SRHoutline.png,https://documents.iplt20.com/ipl/GT/Logos/Logooutline/GToutline.png,Sunrisers Hyderabad,Gujarat Titans,https://documents.iplt20.com/ipl/IPLHeadshot2025/33.png,https://documents.iplt20.com/ipl/IPLHeadshot2025/62.png,https://documents.iplt20.com/ipl/IPLHeadshot2025/63.png
T209511,"Apr 5, 2025",RR Vs PBKS,"18th Match (N), New Chandigarh, April 05, 2025,Indian Premier League","Punjab Kings, elected to field first",RR,Sanju Samson,205/4,PBKS,Shreyas Iyer,"(20 ov, T:206) 155/9",RR,RR won by 50 runs,Jofra Archer,https://documents.iplt20.com/ipl/RR/Logos/Logooutline/RRoutline.png,https://documents.iplt20.com/ipl/PBKS/Logos/Logooutline/PBKSoutline.png,Rajasthan Royals,Punjab Kings,https://documents.iplt20.com/ipl/IPLHeadshot2025/190.png,https://documents.iplt20.com/ipl/IPLHeadshot2025/12.png,https://documents.iplt20.com/ipl/IPLHeadshot2025/181.png
T209585,"Apr 5, 2025",DC Vs CSK,"17th Match (D/N), Chennai, April 05, 2025,Indian Premier League","Delhi Capitals, elected to bat first",DC,Axar Patel,183/6,CSK,Ruturaj Gaikwad,"(20 ov, T:184) 158/5",DC,DC won by 25 runs,KL Rahul,https://documents.iplt20.com/ipl/DC/Logos/LogoOutline/DCoutline.png,https://documents.iplt20.com/ipl/CSK/logos/Logooutline/CSKoutline.png,Delhi Capitals,Chennai Super Kings,https://documents.iplt20.com/ipl/IPLHeadshot2025/110.png,https://documents.iplt20.com/ipl/IPLHeadshot2025/102.png,https://documents.iplt20.com/ipl/IPLHeadshot2025/19.png
T204907,"Apr 4, 2025",LSG Vs MI,"16th Match (N), Lucknow, April 04, 2025,Indian Premier League","Mumbai Indians, elected to field first",LSG,Rishabh Pant,203/8,MI,Hardik Pandya,"(20 ov, T:204) 191/5",LSG,LSG won by 12 runs,Digvesh Rathi,https://documents.iplt20.com/ipl/LSG/Logos/Logooutline/LSGoutline.png,https://documents.iplt20.com/ipl/MI/Logos/Logooutline/MIoutline.png,Lucknow Super Giants,Mumbai Indians,https://documents.iplt20.com/ipl/IPLHeadshot2025/18.png,https://documents.iplt20.com/ipl/IPLHeadshot2025/54.png,https://documents.iplt20.com/ipl/IPLHeadshot2025/3565.png
T205793,"Apr 3, 2025",KKR Vs SRH,"15th Match (N), Eden Gardens, April 03, 2025,Indian Premier League","Sunrisers Hyderabad, elected to field first",KKR,Ajinkya Rahane,200/6,SRH,Pat Cummins,"(16.4/20 ov, T:201) 120",KKR,KKR won by 80 runs,Vaibhav Arora,https://documents.iplt20.com/ipl/KKR/Logos/Logooutline/KKRoutline.png,https://documents.iplt20.com/ipl/SRH/Logos/Logooutline/SRHoutline.png,Kolkata Knight Riders,Sunrisers Hyderabad,https://documents.iplt20.com/ipl/IPLHeadshot2025/44.png,https://documents.iplt20.com/ipl/IPLHeadshot2025/33.png,https://documents.iplt20.com/ipl/IPLHeadshot2025/583.png
T202765,"Apr 2, 2025",RCB Vs GT,"14th Match (N), Bengaluru, April 02, 2025,Indian Premier League","Gujarat Titans, elected to field first",RCB,Rajat Patidar,169/8,GT,Shubman Gill,"(17.5/20 ov, T:170) 170/2",GT,GT won by 8 wickets (with 13 balls remaining),Mohammed Siraj,https://documents.iplt20.com/ipl/RCB/Logos/Logooutline/RCBoutline.png,https://documents.iplt20.com/ipl/GT/Logos/Logooutline/GToutline.png,Royal Challengers Bengaluru,Gujarat Titans,https://documents.iplt20.com/ipl/IPLHeadshot2025/597.png,https://documents.iplt20.com/ipl/IPLHeadshot2025/62.png,https://documents.iplt20.com/ipl/IPLHeadshot2025/63.png
T208568,"Apr 1, 2025",LSG Vs PBKS,"13th Match (N), Lucknow, April 01, 2025,Indian Premier League","Punjab Kings, elected to field first",LSG,Rishabh Pant,171/7,PBKS,Shreyas Iyer,"(16.2/20 ov, T:172) 177/2",PBKS,PBKS won by 8 wickets (with 22 balls remaining),Prabhsimran Singh,https://documents.iplt20.com/ipl/LSG/Logos/Logooutline/LSGoutline.png,https://documents.iplt20.com/ipl/PBKS/Logos/Logooutline/PBKSoutline.png,Lucknow Super Giants,Punjab Kings,https://documents.iplt20.com/ipl/IPLHeadshot2025/18.png,https://documents.iplt20.com/ipl/IPLHeadshot2025/12.png,https://documents.iplt20.com/ipl/IPLHeadshot2025/137.png
T201098,"Mar 31, 2025",KKR Vs MI,"12th Match (N), Wankhede, March 31, 2025,Indian Premier League","Mumbai Indians, elected to field first",KKR,Ajinkya Rahane,116,MI,Hardik Pandya,"(12.5/20 ov, T:117) 121/2",MI,MI won by 8 wickets (with 43 balls remaining),Ashwani Kumar,https://documents.iplt20.com/ipl/KKR/Logos/Logooutline/KKRoutline.png,https://documents.iplt20.com/ipl/MI/Logos/Logooutline/MIoutline.png,Kolkata Knight Riders,Mumbai Indians,https://documents.iplt20.com/ipl/IPLHeadshot2025/44.png,https://documents.iplt20.com/ipl/IPLHeadshot2025/54.png,https://documents.iplt20.com/ipl/IPLHeadshot2025/3569.png
T203160,"Mar 30, 2025",RR Vs CSK,"11th Match (N), Guwahati, March 30, 2025,Indian Premier League","Chennai Super Kings, elected to field first",RR,Riyan Parag,182/9,CSK,Ruturaj Gaikwad,"(20 ov, T:183) 176/6",RR,RR won by 6 runs,Nitish Rana,https://documents.iplt20.com/ipl/RR/Logos/Logooutline/RRoutline.png,https://documents.iplt20.com/ipl/CSK/logos/Logooutline/CSKoutline.png,Rajasthan Royals,Chennai Super Kings,https://documents.iplt20.com/ipl/IPLHeadshot2025/189.png,https://documents.iplt20.com/ipl/IPLHeadshot2025/102.png,https://documents.iplt20.com/ipl/IPLHeadshot2025/148.png
T205261,"Mar 30, 2025",SRH Vs DC,"10th Match (D/N), Visakhapatnam, March 30, 2025,Indian Premier League","Sunrisers Hyderabad, elected to bat first",SRH,Pat Cummins,163,DC,Axar Patel,"(16/20 ov, T:164) 166/3",DC,DC won by 7 wickets (with 24 balls remaining),Mitchell Starc,https://documents.iplt20.com/ipl/SRH/Logos/Logooutline/SRHoutline.png,https://documents.iplt20.com/ipl/DC/Logos/LogoOutline/DCoutline.png,Sunrisers Hyderabad,Delhi Capitals,https://documents.iplt20.com/ipl/IPLHeadshot2025/33.png,https://documents.iplt20.com/ipl/IPLHeadshot2025/110.png,https://documents.iplt20.com/ipl/IPLHeadshot2025/31.png
T205992,"Mar 29, 2025",GT Vs MI,"9th Match (N), Ahmedabad, March 29, 2025,Indian Premier League","Mumbai Indians, elected to field first",GT,Shubman Gill,196/8,MI,Hardik Pandya,"(20 ov, T:197) 160/6",GT,GT won by 36 runs,Prasidh Krishna,https://documents.iplt20.com/ipl/GT/Logos/Logooutline/GToutline.png,https://documents.iplt20.com/ipl/MI/Logos/Logooutline/MIoutline.png,Gujarat Titans,Mumbai Indians,https://documents.iplt20.com/ipl/IPLHeadshot2025/62.png,https://documents.iplt20.com/ipl/IPLHeadshot2025/54.png,https://documents.iplt20.com/ipl/IPLHeadshot2025/150.png
T203789,"Mar 28, 2025",RCB Vs CSK,"8th Match (N), Chennai, March 28, 2025,Indian Premier League","Chennai Super Kings, elected to field first",RCB,Rajat Patidar,196/7,CSK,Ruturaj Gaikwad,"(20 ov, T:197) 146/8",RCB,RCB won by 50 runs,Rajat Patidar,https://documents.iplt20.com/ipl/RCB/Logos/Logooutline/RCBoutline.png,https://documents.iplt20.com/ipl/CSK/logos/Logooutline/CSKoutline.png,Royal Challengers Bengaluru,Chennai Super Kings,https://documents.iplt20.com/ipl/IPLHeadshot2025/597.png,https://documents.iplt20.com/ipl/IPLHeadshot2025/102.png,https://documents.iplt20.com/ipl/IPLHeadshot2025/597.png
T205612,"Mar 27, 2025",SRH Vs LSG,"7th Match (N), Hyderabad, March 27, 2025,Indian Premier League","Lucknow Super Giants, elected to field first",SRH,Pat Cummins,190/9,LSG,Rishabh Pant,"(16.1/20 ov, T:191) 193/5",LSG,LSG won by 5 wickets (with 23 balls remaining),Shardul Thakur,https://documents.iplt20.com/ipl/SRH/Logos/Logooutline/SRHoutline.png,https://documents.iplt20.com/ipl/LSG/Logos/Logooutline/LSGoutline.png,Sunrisers Hyderabad,Lucknow Super Giants,https://documents.iplt20.com/ipl/IPLHeadshot2025/33.png,https://documents.iplt20.com/ipl/IPLHeadshot2025/18.png,https://documents.iplt20.com/ipl/IPLHeadshot2025/105.png
T204767,"Mar 26, 2025",RR Vs KKR,"6th Match (N), Guwahati, March 26, 2025,Indian Premier League","Kolkata Knight Riders, elected to field first",RR,Riyan Parag,151/9,KKR,Ajinkya Rahane,"(17.3/20 ov, T:152) 153/2",KKR,KKR won by 8 wickets (with 15 balls remaining),Quinton de Kock,https://documents.iplt20.com/ipl/RR/Logos/Logooutline/RRoutline.png,https://documents.iplt20.com/ipl/KKR/Logos/Logooutline/KKRoutline.png,Rajasthan Royals,Kolkata Knight Riders,https://documents.iplt20.com/ipl/IPLHeadshot2025/189.png,https://documents.iplt20.com/ipl/IPLHeadshot2025/44.png,https://documents.iplt20.com/ipl/IPLHeadshot2025/170.png
T207611,"Mar 25, 2025",PBKS Vs GT,"5th Match (N), Ahmedabad, March 25, 2025,Indian Premier League","Gujarat Titans, elected to field first",PBKS,Shreyas Iyer,243/5,GT,Shubman Gill,"(20 ov, T:244) 232/5",PBKS,PBKS won by 11 runs,Shreyas Iyer,https://documents.iplt20.com/ipl/PBKS/Logos/Logooutline/PBKSoutline.png,https://documents.iplt20.com/ipl/GT/Logos/Logooutline/GToutline.png,Punjab Kings,Gujarat Titans,https://documents.iplt20.com/ipl/IPLHeadshot2025/12.png,https://documents.iplt20.com/ipl/IPLHeadshot2025/62.png,https://documents.iplt20.com/ipl/IPLHeadshot2025/12.png
T208452,"Mar 24, 2025",LSG Vs DC,"4th Match (N), Visakhapatnam, March 24, 2025,Indian Premier League","Delhi Capitals, elected to field first",LSG,Rishabh Pant,209/8,DC,Axar Patel,"(19.3/20 ov, T:210) 211/9",DC,DC won by 1 wicket (with 3 balls remaining),Ashutosh Sharma,https://documents.iplt20.com/ipl/LSG/Logos/Logooutline/LSGoutline.png,https://documents.iplt20.com/ipl/DC/Logos/LogoOutline/DCoutline.png,Lucknow Super Giants,Delhi Capitals,https://documents.iplt20.com/ipl/IPLHeadshot2025/18.png,https://documents.iplt20.com/ipl/IPLHeadshot2025/110.png,https://documents.iplt20.com/ipl/IPLHeadshot2025/3109.png
T202056,"Mar 23, 2025",MI Vs CSK,"3rd Match (N), Chennai, March 23, 2025,Indian Premier League","Chennai Super Kings, elected to field first",MI,Suryakumar Yadav,155/9,CSK,Ruturaj Gaikwad,"(19.1/20 ov, T:156) 158/6",CSK,CSK won by 4 wickets (with 5 balls remaining),Noor Ahmad,https://documents.iplt20.com/ipl/MI/Logos/Logooutline/MIoutline.png,https://documents.iplt20.com/ipl/CSK/logos/Logooutline/CSKoutline.png,Mumbai Indians,Chennai Super Kings,https://documents.iplt20.com/ipl/IPLHeadshot2025/174.png,https://documents.iplt20.com/ipl/IPLHeadshot2025/102.png,https://documents.iplt20.com/ipl/IPLHeadshot2025/975.png
T206968,"Mar 23, 2025",SRH Vs RR,"2nd Match (D/N), Hyderabad, March 23, 2025,Indian Premier League","Rajasthan Royals, elected to field first",SRH,Pat Cummins,286/6,RR,Riyan Parag,"(20 ov, T:287) 242/6",SRH,SRH won by 44 runs,Ishan Kishan,https://documents.iplt20.com/ipl/SRH/Logos/Logooutline/SRHoutline.png,https://documents.iplt20.com/ipl/RR/Logos/Logooutline/RRoutline.png,Sunrisers Hyderabad,Rajasthan Royals,https://documents.iplt20.com/ipl/IPLHeadshot2025/33.png,https://documents.iplt20.com/ipl/IPLHeadshot2025/189.png,https://documents.iplt20.com/ipl/IPLHeadshot2025/164.png
T202989,"Mar 22, 2025",KKR Vs RCB,"1st Match (N), Eden Gardens, March 22, 2025,Indian Premier League","Royal Challengers Bengaluru, elected to field first",KKR,Ajinkya Rahane,174/8,RCB,Rajat Patidar,"(16.2/20 ov, T:175) 177/3",RCB,RCB won by 7 wickets (with 22 balls remaining),Krunal Pandya,https://documents.iplt20.com/ipl/KKR/Logos/Logooutline/KKRoutline.png,https://documents.iplt20.com/ipl/RCB/Logos/Logooutline/RCBoutline.png,Kolkata Knight Riders,Royal Challengers Bengaluru,https://documents.iplt20.com/ipl/IPLHeadshot2025/44.png,https://documents.iplt20.com/ipl/IPLHeadshot2025/597.png,https://documents.iplt20.com/ipl/IPLHeadshot2025/17.png
