name,team,link,battingStyle,bowlingStyle,playingRole,image
Heinrich Klaasen,SRH,https://www.espncricinfo.com//cricketers/heinrich-klaasen-436757,Right hand Bat,Right arm Offbreak,Wicketkeeper Batter,https://documents.iplt20.com/ipl/IPLHeadshot2025/202.png
Pat Cummins,SRH,https://www.espncricinfo.com//cricketers/pat-cummins-489889,Right hand Bat,Right arm Fast,Bowler,https://documents.iplt20.com/ipl/IPLHeadshot2025/33.png
Abhishek Sharma,SRH,https://www.espncricinfo.com//cricketers/abhishek-sharma-1070183,Left hand Bat,Slow Left arm Orthodox,Batting Allrounder,https://documents.iplt20.com/ipl/IPLHeadshot2025/212.png
Travis Head,SRH,https://www.espncricinfo.com//cricketers/travis-head-530011,Left hand Bat,Right arm Offbreak,Top order Batter,https://documents.iplt20.com/ipl/IPLHeadshot2025/37.png
Ishan Kishan,SRH,https://www.espncricinfo.com//cricketers/ishan-kishan-720471,Left hand Bat,Legbreak,Wicketkeeper Batter,https://documents.iplt20.com/ipl/IPLHeadshot2025/164.png
Mohammed Shami,SRH,https://www.espncricinfo.com//cricketers/mohammed-shami-481896,Right hand Bat,Right arm Fast,Bowler,https://documents.iplt20.com/ipl/IPLHeadshot2025/47.png
Harshal Patel,SRH,https://www.espncricinfo.com//cricketers/harshal-patel-390481,Right hand Bat,Right arm Medium,Bowler,https://documents.iplt20.com/ipl/IPLHeadshot2025/114.png
Nitish Kumar Reddy,SRH,https://www.espncricinfo.com//cricketers/nitish-kumar-reddy-1175496,Right hand Bat,Right arm Medium fast,Batting Allrounder,https://documents.iplt20.com/ipl/IPLHeadshot2025/1944.png
Rahul Chahar,SRH,https://www.espncricinfo.com//cricketers/rahul-chahar-1064812,Right hand Bat,Legbreak Googly,Bowler,https://documents.iplt20.com/ipl/IPLHeadshot2025/171.png
Abhinav Manohar,SRH,https://www.espncricinfo.com//cricketers/abhinav-manohar-778963,Right hand Bat,Legbreak Googly,Batting Allrounder,https://documents.iplt20.com/ipl/IPLHeadshot2025/974.png
Adam Zampa,SRH,https://www.espncricinfo.com//cricketers/adam-zampa-379504,Right hand Bat,Legbreak Googly,Bowler,https://documents.iplt20.com/ipl/IPLHeadshot2025/24.png
Simarjeet Singh,SRH,https://www.espncricinfo.com//cricketers/simarjeet-singh-1159722,Right hand Bat,Right arm Medium fast,Bowler,https://documents.iplt20.com/ipl/IPLHeadshot2025/622.png
Eshan Malinga,SRH,https://www.espncricinfo.com//cricketers/eshan-malinga-1306214,Left hand Bat,Right arm Fast medium,Bowler,https://documents.iplt20.com/ipl/IPLHeadshot2025/3339.png
Jaydev Unadkat,SRH,https://www.espncricinfo.com//cricketers/jaydev-unadkat-390484,Right hand Bat,Left arm Medium,Bowler,https://documents.iplt20.com/ipl/IPLHeadshot2025/180.png
Kamindu Mendis,SRH,https://www.espncricinfo.com//cricketers/kamindu-mendis-784373,Left hand Bat,"Right arm Offbreak, Slow Left arm Orthodox",Allrounder,https://documents.iplt20.com/ipl/IPLHeadshot2025/627.png
Zeeshan Ansari,SRH,https://www.espncricinfo.com//cricketers/zeeshan-ansari-942371,Right hand Bat,Legbreak Googly,Bowler,https://documents.iplt20.com/ipl/IPLHeadshot2025/3575.png
Aniket Verma,SRH,https://www.espncricinfo.com//cricketers/aniket-verma-1409976,Right hand Bat,Right arm Medium fast,Batter,https://documents.iplt20.com/ipl/IPLHeadshot2025/3576.png
Atharva Taide,SRH,https://www.espncricinfo.com//cricketers/atharva-taide-1125958,Left hand Bat,Slow Left arm Orthodox,Batting Allrounder,https://documents.iplt20.com/ipl/IPLHeadshot2025/1001.png
Sachin Baby,SRH,https://www.espncricinfo.com//cricketers/sachin-baby-432783,Left hand Bat,Right arm Offbreak,Batter,https://documents.iplt20.com/ipl/IPLHeadshot2025/599.png
Wiaan Mulder,SRH,https://www.espncricinfo.com/cricketers/wiaan-mulder-698189,Right hand Bat,Right arm Medium,Allrounder,https://documents.iplt20.com/ipl/IPLHeadshot2025/630.png
Virat Kohli,RCB,https://www.espncricinfo.com//cricketers/virat-kohli-253802,Right hand Bat,Right arm Medium,Top order Batter,https://documents.iplt20.com/ipl/IPLHeadshot2025/2.png
Josh Hazlewood,RCB,https://www.espncricinfo.com//cricketers/josh-hazlewood-288284,Left hand Bat,Right arm Fast medium,Bowler,https://documents.iplt20.com/ipl/IPLHeadshot2025/36.png
Phil Salt,RCB,https://www.espncricinfo.com//cricketers/phil-salt-669365,Right hand Bat,Right arm Offbreak,Wicketkeeper,https://documents.iplt20.com/ipl/IPLHeadshot2025/1220.png
Rajat Patidar,RCB,https://www.espncricinfo.com//cricketers/rajat-patidar-823703,Right hand Bat,Right arm Offbreak,Top order Batter,https://documents.iplt20.com/ipl/IPLHeadshot2025/597.png
Jitesh Sharma,RCB,https://www.espncricinfo.com//cricketers/jitesh-sharma-721867,Right hand Bat,Wicketkeeper,Wicketkeeper Batter,https://documents.iplt20.com/ipl/IPLHeadshot2025/1000.png
Bhuvneshwar Kumar,RCB,https://www.espncricinfo.com//cricketers/bhuvneshwar-kumar-326016,Right hand Bat,Right arm Medium,Bowler,https://documents.iplt20.com/ipl/IPLHeadshot2025/15.png
Liam Livingstone,RCB,https://www.espncricinfo.com//cricketers/liam-livingstone-403902,Right hand Bat,"Right arm Offbreak, Legbreak",Batting Allrounder,https://documents.iplt20.com/ipl/IPLHeadshot2025/183.png
Rasikh Salam,RCB,https://www.espncricinfo.com//cricketers/rasikh-salam-1161489,Right hand Bat,Right arm Medium,Bowler,https://documents.iplt20.com/ipl/IPLHeadshot2025/172.png
Krunal Pandya,RCB,https://www.espncricinfo.com//cricketers/krunal-pandya-471342,Left hand Bat,Slow Left arm Orthodox,Allrounder,https://documents.iplt20.com/ipl/IPLHeadshot2025/17.png
Yash Dayal,RCB,https://www.espncricinfo.com//cricketers/yash-dayal-1159720,Right hand Bat,Left arm Medium fast,Bowler,https://documents.iplt20.com/ipl/IPLHeadshot2025/978.png
Tim David,RCB,https://www.espncricinfo.com//cricketers/tim-david-892749,Right hand Bat,Right arm Offbreak,Middle order Batter,https://documents.iplt20.com/ipl/IPLHeadshot2025/636.png
Suyash Sharma,RCB,https://www.espncricinfo.com//cricketers/suyash-sharma-1350792,Right hand Bat,Legbreak Googly,Bowler,https://documents.iplt20.com/ipl/IPLHeadshot2025/1932.png
Jacob Bethell,RCB,https://www.espncricinfo.com//cricketers/jacob-bethell-1194959,Left hand Bat,Slow Left arm Orthodox,Batting Allrounder,https://documents.iplt20.com/ipl/IPLHeadshot2025/869.png
Devdutt Padikkal,RCB,https://www.espncricinfo.com//cricketers/devdutt-padikkal-1119026,Left hand Bat,Right arm Offbreak,Top order Batter,https://documents.iplt20.com/ipl/IPLHeadshot2025/200.png
Nuwan Thushara,RCB,https://www.espncricinfo.com//cricketers/nuwan-thushara-955235,Right hand Bat,Right arm Medium fast,Bowler,https://documents.iplt20.com/ipl/IPLHeadshot2025/813.png
Romario Shepherd,RCB,https://www.espncricinfo.com//cricketers/romario-shepherd-677077,Right hand Bat,Right arm Fast medium,Bowling Allrounder,https://documents.iplt20.com/ipl/IPLHeadshot2025/371.png
Lungi Ngidi,RCB,https://www.espncricinfo.com//cricketers/lungi-ngidi-542023,Right hand Bat,Right arm Fast medium,Bowler,https://documents.iplt20.com/ipl/IPLHeadshot2025/99.png
Swapnil Singh,RCB,https://www.espncricinfo.com//cricketers/swapnil-singh-232292,Right hand Bat,Slow Left arm Orthodox,Bowler,https://documents.iplt20.com/ipl/IPLHeadshot2025/1483.png
Abhinandan Singh,RCB,https://www.espncricinfo.com//cricketers/abhinandan-singh-1449085,Right hand Bat,Right arm Medium fast,Bowler,https://documents.iplt20.com/ipl/IPLHeadshot2025/3574.png
Swastik Chikara,RCB,https://www.espncricinfo.com//cricketers/swastik-chikara-1403198,Right hand Bat,Right arm Offbreak,Batter,https://documents.iplt20.com/ipl/IPLHeadshot2025/3102.png
Mohit Rathee,RCB,https://www.espncricinfo.com//cricketers/mohit-rathee-1349361,Right hand Bat,Legbreak,Allrounder,https://documents.iplt20.com/ipl/IPLHeadshot2025/1935.png
Manoj Bhandage,RCB,https://www.espncricinfo.com//cricketers/manoj-bhandage-1057399,Left hand Bat,Right arm Medium fast,Allrounder,https://documents.iplt20.com/ipl/IPLHeadshot2025/1485.png
Yashasvi Jaiswal,RR,https://www.espncricinfo.com//cricketers/yashasvi-jaiswal-1151278,Left hand Bat,Legbreak,Opening Batter,https://documents.iplt20.com/ipl/IPLHeadshot2025/533.png
Sanju Samson,RR,https://www.espncricinfo.com//cricketers/sanju-samson-425943,Right hand Bat,Wicketkeeper,Wicketkeeper Batter,https://documents.iplt20.com/ipl/IPLHeadshot2025/190.png
Dhruv Jurel,RR,https://www.espncricinfo.com//cricketers/dhruv-jurel-1175488,Right hand Bat,Wicketkeeper,Wicketkeeper Batter,https://documents.iplt20.com/ipl/IPLHeadshot2025/1004.png
Riyan Parag,RR,https://www.espncricinfo.com//cricketers/riyan-parag-1079434,Right hand Bat,"Right arm Offbreak, Legbreak",Top order Batter,https://documents.iplt20.com/ipl/IPLHeadshot2025/189.png
Jofra Archer,RR,https://www.espncricinfo.com//cricketers/jofra-archer-669855,Right hand Bat,Right arm Fast,Bowler,https://documents.iplt20.com/ipl/IPLHeadshot2025/181.png
Shimron Hetmyer,RR,https://www.espncricinfo.com//cricketers/shimron-hetmyer-670025,Left hand Bat,,Middle order Batter,https://documents.iplt20.com/ipl/IPLHeadshot2025/210.png
Tushar Deshpande,RR,https://www.espncricinfo.com//cricketers/tushar-deshpande-822553,Left hand Bat,Right arm Medium,Bowler,https://documents.iplt20.com/ipl/IPLHeadshot2025/539.png
Wanindu Hasaranga,RR,https://www.espncricinfo.com//cricketers/wanindu-hasaranga-784379,Right hand Bat,Legbreak,Allrounder,https://documents.iplt20.com/ipl/IPLHeadshot2025/377.png
Maheesh Theekshana,RR,https://www.espncricinfo.com//cricketers/maheesh-theekshana-1138316,Right hand Bat,Right arm Offbreak,Bowler,https://documents.iplt20.com/ipl/IPLHeadshot2025/629.png
Nitish Rana,RR,https://www.espncricinfo.com//cricketers/nitish-rana-604527,Left hand Bat,"Right arm Medium, Right arm Offbreak, Legbreak",Middle order Batter,https://documents.iplt20.com/ipl/IPLHeadshot2025/148.png
Sandeep Sharma,RR,https://www.espncricinfo.com//cricketers/sandeep-sharma-438362,Right hand Bat,Right arm Medium,Bowler,https://documents.iplt20.com/ipl/IPLHeadshot2025/220.png
Fazalhaq Farooqi,RR,https://www.espncricinfo.com//cricketers/fazalhaq-farooqi-974175,Right hand Bat,Left arm Fast medium,Bowler,https://documents.iplt20.com/ipl/IPLHeadshot2025/1011.png
Kwena Maphaka,RR,https://www.espncricinfo.com//cricketers/kwena-maphaka-1294342,Left hand Bat,Left arm Fast,Bowler,https://documents.iplt20.com/ipl/IPLHeadshot2025/801.png
Akash Madhwal,RR,https://www.espncricinfo.com//cricketers/akash-madhwal-1206039,Right hand Bat,Right arm Medium fast,Bowler,https://documents.iplt20.com/ipl/IPLHeadshot2025/1045.png
Vaibhav Suryavanshi,RR,https://www.espncricinfo.com//cricketers/vaibhav-suryavanshi-1408688,Left hand Bat,Slow Left arm Orthodox,Batter,https://documents.iplt20.com/ipl/IPLHeadshot2025/3498.png
Shubham Dubey,RR,https://www.espncricinfo.com//cricketers/shubham-dubey-1252585,Left hand Bat,Right arm Offbreak,Middle order Batter,https://documents.iplt20.com/ipl/IPLHeadshot2025/3112.png
Yudhvir Singh,RR,https://www.espncricinfo.com//cricketers/yudhvir-singh-1206052,Right hand Bat,Right arm Medium fast,Bowler,https://documents.iplt20.com/ipl/IPLHeadshot2025/587.png
Kunal Singh Rathore,RR,https://www.espncricinfo.com//cricketers/kunal-singh-rathore-1339031,Left hand Bat,Wicketkeeper,Wicketkeeper Batter,https://documents.iplt20.com/ipl/IPLHeadshot2025/1540.png
Ashok Sharma,RR,https://www.espncricinfo.com//cricketers/ashok-sharma-1299879,Right hand Bat,Right arm Medium,Bowler,https://documents.iplt20.com/ipl/IPLHeadshot2025/980.png
Kumar Kartikeya,RR,https://www.espncricinfo.com//cricketers/kumar-kartikeya-1159843,Right hand Bat,"Slow Left arm Orthodox, Left arm Wrist spin",Bowler,https://documents.iplt20.com/ipl/IPLHeadshot2025/1015.png
Shreyas Iyer,PBKS,https://www.espncricinfo.com//cricketers/shreyas-iyer-642519,Right hand Bat,"Right arm Offbreak, Legbreak Googly",Top order Batter,https://documents.iplt20.com/ipl/IPLHeadshot2025/12.png
Arshdeep Singh,PBKS,https://www.espncricinfo.com//cricketers/arshdeep-singh-1125976,Left hand Bat,Left arm Medium fast,Bowler,https://documents.iplt20.com/ipl/IPLHeadshot2025/125.png
Yuzvendra Chahal,PBKS,https://www.espncricinfo.com//cricketers/yuzvendra-chahal-430246,Right hand Bat,Legbreak Googly,Bowler,https://documents.iplt20.com/ipl/IPLHeadshot2025/10.png
Marcus Stoinis,PBKS,https://www.espncricinfo.com//cricketers/marcus-stoinis-325012,Right hand Bat,Right arm Medium,Batting Allrounder,https://documents.iplt20.com/ipl/IPLHeadshot2025/23.png
Marco Jansen,PBKS,https://www.espncricinfo.com//cricketers/marco-jansen-696401,Right hand Bat,Left arm Fast,Bowling Allrounder,https://documents.iplt20.com/ipl/IPLHeadshot2025/586.png
Shashank Singh,PBKS,https://www.espncricinfo.com//cricketers/shashank-singh-377534,Right hand Bat,"Right arm Medium, Right arm Offbreak",Batting Allrounder,https://documents.iplt20.com/ipl/IPLHeadshot2025/191.png
Nehal Wadhera,PBKS,https://www.espncricinfo.com//cricketers/nehal-wadhera-1151273,Left hand Bat,Legbreak,Top order Batter,https://documents.iplt20.com/ipl/IPLHeadshot2025/1541.png
Glenn Maxwell,PBKS,https://www.espncricinfo.com//cricketers/glenn-maxwell-325026,Right hand Bat,Right arm Offbreak,Batting Allrounder,https://documents.iplt20.com/ipl/IPLHeadshot2025/28.png
Prabhsimran Singh,PBKS,https://www.espncricinfo.com//cricketers/prabhsimran-singh-1161024,Right hand Bat,Wicketkeeper,Wicketkeeper Batter,https://documents.iplt20.com/ipl/IPLHeadshot2025/137.png
Priyansh Arya,PBKS,https://www.espncricinfo.com//cricketers/priyansh-arya-1175456,Left hand Bat,Right arm Offbreak,Opening Batter,https://documents.iplt20.com/ipl/IPLHeadshot2025/3571.png
Josh Inglis,PBKS,https://www.espncricinfo.com//cricketers/josh-inglis-662235,Right hand Bat,Wicketkeeper,Wicketkeeper Batter,https://documents.iplt20.com/ipl/IPLHeadshot2025/647.png
Azmatullah Omarzai,PBKS,https://www.espncricinfo.com//cricketers/azmatullah-omarzai-819429,Right hand Bat,Right arm Medium fast,Allrounder,https://documents.iplt20.com/ipl/IPLHeadshot2025/1354.png
Lockie Ferguson,PBKS,https://www.espncricinfo.com//cricketers/lockie-ferguson-493773,Right hand Bat,Right arm Fast,Bowler,https://documents.iplt20.com/ipl/IPLHeadshot2025/69.png
Vijaykumar Vyshak,PBKS,https://www.espncricinfo.com//cricketers/vijaykumar-vyshak-777815,Right hand Bat,Right arm Medium,Bowler,https://documents.iplt20.com/ipl/IPLHeadshot2025/2034.png
Yash Thakur,PBKS,https://www.espncricinfo.com//cricketers/yash-thakur-1070196,Right hand Bat,Right arm Fast medium,Bowler,https://documents.iplt20.com/ipl/IPLHeadshot2025/1550.png
Harpreet Brar,PBKS,https://www.espncricinfo.com//cricketers/harpreet-brar-1168641,Left hand Bat,Slow Left arm Orthodox,Bowler,https://documents.iplt20.com/ipl/IPLHeadshot2025/130.png
Aaron Hardie,PBKS,https://www.espncricinfo.com//cricketers/aaron-hardie-1124283,Right hand Bat,Right arm Medium fast,Allrounder,https://documents.iplt20.com/ipl/IPLHeadshot2025/2704.png
Vishnu Vinod,PBKS,https://www.espncricinfo.com//cricketers/vishnu-vinod-732293,Right hand Bat,,Wicketkeeper Batter,https://documents.iplt20.com/ipl/IPLHeadshot2025/581.png
Kuldeep Sen,PBKS,https://www.espncricinfo.com//cricketers/kuldeep-sen-1163695,Right hand Bat,Right arm Fast,Bowler,https://documents.iplt20.com/ipl/IPLHeadshot2025/1005.png
Xavier Bartlett,PBKS,https://www.espncricinfo.com//cricketers/xavier-bartlett-1050545,Right hand Bat,Right arm Fast medium,Bowler,https://documents.iplt20.com/ipl/IPLHeadshot2025/3572.png
Suryansh Shedge,PBKS,https://www.espncricinfo.com//cricketers/suryansh-shedge-1339698,Right hand Bat,,Batting Allrounder,https://documents.iplt20.com/ipl/IPLHeadshot2025/2146.png
Pyla Avinash,PBKS,https://www.espncricinfo.com//cricketers/pyla-avinash-1324449,Right hand Bat,Right arm Medium fast,Batter,https://documents.iplt20.com/ipl/IPLHeadshot2025/3573.png
Musheer Khan,PBKS,https://www.espncricinfo.com//cricketers/musheer-khan-1316430,Right hand Bat,Slow Left arm Orthodox,Allrounder,https://documents.iplt20.com/ipl/IPLHeadshot2025/2813.png
Harnoor Singh,PBKS,https://www.espncricinfo.com//cricketers/harnoor-singh-1292496,Left hand Bat,Legbreak,Batter,https://documents.iplt20.com/ipl/IPLHeadshot2025/784.png
Praveen Dubey,PBKS,https://www.espncricinfo.com//cricketers/praveen-dubey-777515,Right hand Bat,Legbreak Googly,Bowler,https://documents.iplt20.com/ipl/IPLHeadshot2025/548.png
Jasprit Bumrah,MI,https://www.espncricinfo.com//cricketers/jasprit-bumrah-625383,Right hand Bat,Right arm Fast,Bowler,https://documents.iplt20.com/ipl/IPLHeadshot2025/9.png
Hardik Pandya,MI,https://www.espncricinfo.com//cricketers/hardik-pandya-625371,Right hand Bat,Right arm Medium fast,Allrounder,https://documents.iplt20.com/ipl/IPLHeadshot2025/54.png
Suryakumar Yadav,MI,https://www.espncricinfo.com//cricketers/suryakumar-yadav-446507,Right hand Bat,"Right arm Medium, Right arm Offbreak",Batter,https://documents.iplt20.com/ipl/IPLHeadshot2025/174.png
Rohit Sharma,MI,https://www.espncricinfo.com//cricketers/rohit-sharma-34102,Right hand Bat,Right arm Offbreak,Top order Batter,https://documents.iplt20.com/ipl/IPLHeadshot2025/6.png
Trent Boult,MI,https://www.espncricinfo.com//cricketers/trent-boult-277912,Right hand Bat,Left arm Fast medium,Bowler,https://documents.iplt20.com/ipl/IPLHeadshot2025/66.png
Deepak Chahar,MI,https://www.espncricinfo.com//cricketers/deepak-chahar-447261,Right hand Bat,Right arm Medium,Bowler,https://documents.iplt20.com/ipl/IPLHeadshot2025/91.png
Tilak Varma,MI,https://www.espncricinfo.com//cricketers/tilak-varma-1170265,Left hand Bat,Right arm Offbreak,Batting Allrounder,https://documents.iplt20.com/ipl/IPLHeadshot2025/993.png
Naman Dhir,MI,https://www.espncricinfo.com//cricketers/naman-dhir-1287032,Right hand Bat,Right arm Offbreak,Top order Batter,https://documents.iplt20.com/ipl/IPLHeadshot2025/3107.png
Will Jacks,MI,https://www.espncricinfo.com//cricketers/will-jacks-897549,Right hand Bat,Right arm Offbreak,Batting Allrounder,https://documents.iplt20.com/ipl/IPLHeadshot2025/1941.png
Mitchell Santner,MI,https://www.espncricinfo.com//cricketers/mitchell-santner-502714,Left hand Bat,Slow Left arm Orthodox,Bowling Allrounder,https://documents.iplt20.com/ipl/IPLHeadshot2025/75.png
Ryan Rickelton,MI,https://www.espncricinfo.com//cricketers/ryan-rickelton-605661,Left hand Bat,,Wicketkeeper Batter,https://documents.iplt20.com/ipl/IPLHeadshot2025/743.png
Reece Topley,MI,https://www.espncricinfo.com//cricketers/reece-topley-461632,Right hand Bat,Left arm Fast medium,Bowler,https://documents.iplt20.com/ipl/IPLHeadshot2025/574.png
Robin Minz,MI,https://www.espncricinfo.com//cricketers/robin-minz-1350762,Left hand Bat,Slow Left arm Orthodox,Wicketkeeper,https://documents.iplt20.com/ipl/IPLHeadshot2025/3103.png
Karn Sharma,MI,https://www.espncricinfo.com//cricketers/karn-sharma-30288,Left hand Bat,Legbreak Googly,Bowler,https://documents.iplt20.com/ipl/IPLHeadshot2025/98.png
Vignesh Puthur,MI,https://www.espncricinfo.com//cricketers/vignesh-puthur-1460388,Right hand Bat,Left arm Wrist spin,Bowler,https://documents.iplt20.com/ipl/IPLHeadshot2025/3566.png
Bevon Jacobs,MI,https://www.espncricinfo.com//cricketers/bevon-jacobs-1410577,Right hand Bat,Right arm Medium,Middle order Batter,https://documents.iplt20.com/ipl/IPLHeadshot2025/3567.png
Satyanarayana Raju,MI,https://www.espncricinfo.com//cricketers/satyanarayana-raju-1392201,Right hand Bat,Right arm Medium fast,Bowler,https://documents.iplt20.com/ipl/IPLHeadshot2025/3568.png
Raj Bawa,MI,https://www.espncricinfo.com//cricketers/raj-bawa-1292502,Left hand Bat,Right arm Medium fast,Allrounder,https://documents.iplt20.com/ipl/IPLHeadshot2025/781.png
Ashwani Kumar,MI,https://www.espncricinfo.com//cricketers/ashwani-kumar-1209126,Left hand Bat,Left arm Medium,Bowler,https://documents.iplt20.com/ipl/IPLHeadshot2025/3569.png
Arjun Tendulkar,MI,https://www.espncricinfo.com//cricketers/arjun-tendulkar-1148776,Left hand Bat,Left arm Medium fast,Bowler,https://documents.iplt20.com/ipl/IPLHeadshot2025/585.png
Krishnan Shrijith,MI,https://www.espncricinfo.com//cricketers/krishnan-shrijith-778241,Left hand Bat,Right arm Offbreak,Wicketkeeper Batter,https://documents.iplt20.com/ipl/IPLHeadshot2025/3570.png
Mujeeb Ur Rahman,MI,https://www.espncricinfo.com/cricketers/mujeeb-ur-rahman-974109,Right hand Bat,Right arm Offbreak,Bowler,https://documents.iplt20.com/ipl/IPLHeadshot2025/134.png
Corbin Bosch,MI,https://www.espncricinfo.com/cricketers/corbin-bosch-594322,Right hand Bat,Right arm Fast medium,Allrounder,https://documents.iplt20.com/ipl/IPLHeadshot2025/1041.png
Rishabh Pant,LSG,https://www.espncricinfo.com//cricketers/rishabh-pant-931581,Left hand Bat,,Wicketkeeper Batter,https://documents.iplt20.com/ipl/IPLHeadshot2025/18.png
Nicholas Pooran,LSG,https://www.espncricinfo.com//cricketers/nicholas-pooran-604302,Left hand Bat,Right arm Offbreak,Wicketkeeper,https://documents.iplt20.com/ipl/IPLHeadshot2025/136.png
Mayank Yadav,LSG,https://www.espncricinfo.com//cricketers/mayank-yadav-1292563,Right hand Bat,Right arm Fast,Bowler,https://documents.iplt20.com/ipl/IPLHeadshot2024/987.png
Ravi Bishnoi,LSG,https://www.espncricinfo.com//cricketers/ravi-bishnoi-1175441,Right hand Bat,Legbreak Googly,Bowler,https://documents.iplt20.com/ipl/IPLHeadshot2025/520.png
Avesh Khan,LSG,https://www.espncricinfo.com//cricketers/avesh-khan-694211,Right hand Bat,Right arm Fast medium,Bowler,https://documents.iplt20.com/ipl/IPLHeadshot2025/109.png
Akash Deep,LSG,https://www.espncricinfo.com//cricketers/akash-deep-1176959,Right hand Bat,Right arm Fast medium,Bowler,https://documents.iplt20.com/ipl/IPLHeadshot2025/1007.png
David Miller,LSG,https://www.espncricinfo.com//cricketers/david-miller-321777,Left hand Bat,Right arm Offbreak,Middle order Batter,https://documents.iplt20.com/ipl/IPLHeadshot2025/128.png
Abdul Samad,LSG,https://www.espncricinfo.com//cricketers/abdul-samad-1175485,Right hand Bat,Legbreak,Batter,https://documents.iplt20.com/ipl/IPLHeadshot2025/525.png
Ayush Badoni,LSG,https://www.espncricinfo.com//cricketers/ayush-badoni-1151270,Right hand Bat,Right arm Offbreak,Batter,https://documents.iplt20.com/ipl/IPLHeadshot2025/985.png
Mitchell Marsh,LSG,https://www.espncricinfo.com//cricketers/mitchell-marsh-272450,Right hand Bat,Right arm Medium,Allrounder,https://documents.iplt20.com/ipl/IPLHeadshot2025/40.png
Shahbaz Ahmed,LSG,https://www.espncricinfo.com//cricketers/shahbaz-ahmed-1159711,Left hand Bat,Slow Left arm Orthodox,Allrounder,https://documents.iplt20.com/ipl/IPLHeadshot2025/523.png
Aiden Markram,LSG,https://www.espncricinfo.com//cricketers/aiden-markram-600498,Right hand Bat,Right arm Offbreak,Allrounder,https://documents.iplt20.com/ipl/IPLHeadshot2025/287.png
Matthew Breetzke,LSG,https://www.espncricinfo.com//cricketers/matthew-breetzke-595267,Right hand Bat,,Batter,https://documents.iplt20.com/ipl/IPLHeadshot2025/2805.png
Shamar Joseph,LSG,https://www.espncricinfo.com//cricketers/shamar-joseph-1356971,Left hand Bat,Right arm Fast,Bowler,https://documents.iplt20.com/ipl/IPLHeadshot2025/3105.png
Manimaran Siddharth,LSG,https://www.espncricinfo.com//cricketers/manimaran-siddharth-1151286,Right hand Bat,Slow Left arm Orthodox,Bowler,https://documents.iplt20.com/ipl/IPLHeadshot2025/532.png
Himmat Singh,LSG,https://www.espncricinfo.com//cricketers/himmat-singh-805235,Right hand Bat,Right arm Offbreak,Batter,https://documents.iplt20.com/ipl/IPLHeadshot2025/203.png
Arshin Kulkarni,LSG,https://www.espncricinfo.com//cricketers/arshin-kulkarni-1403153,Right hand Bat,Right arm Medium,Allrounder,https://documents.iplt20.com/ipl/IPLHeadshot2025/2788.png
Digvesh Rathi,LSG,https://www.espncricinfo.com//cricketers/digvesh-rathi-1460529,Right hand Bat,Legbreak,Bowler,https://documents.iplt20.com/ipl/IPLHeadshot2025/3565.png
Prince Yadav,LSG,https://www.espncricinfo.com//cricketers/prince-yadav-1350768,Right hand Bat,Right arm Fast,Bowler,https://documents.iplt20.com/ipl/IPLHeadshot2025/1225.png
Yuvraj Chaudhary,LSG,https://www.espncricinfo.com//cricketers/yuvraj-chaudhary-1175463,Left hand Bat,Slow Left arm Orthodox,Batting Allrounder,https://documents.iplt20.com/ipl/IPLHeadshot2025/3564.png
Akash Singh,LSG,https://www.espncricinfo.com//cricketers/akash-singh-1175458,Right hand Bat,Left arm Medium fast,Bowler,https://documents.iplt20.com/ipl/IPLHeadshot2025/535.png
Rajvardhan Hangargekar,LSG,https://www.espncricinfo.com//cricketers/rajvardhan-hangargekar-1175429,Right hand Bat,Right arm Fast medium,Bowling Allrounder,https://documents.iplt20.com/ipl/IPLHeadshot2025/783.png
Aryan Juyal,LSG,https://www.espncricinfo.com//cricketers/aryan-juyal-1130300,Right hand Bat,,Wicketkeeper Batter,https://documents.iplt20.com/ipl/IPLHeadshot2025/990.png
Shardul Thakur,LSG,https://www.espncricinfo.com/cricketers/shardul-thakur-475281,Right hand Bat,Right arm Medium,Bowler,https://documents.iplt20.com/ipl/IPLHeadshot2025/105.png
Venkatesh Iyer,KKR,https://www.espncricinfo.com//cricketers/venkatesh-iyer-851403,Left hand Bat,Right arm Medium,Allrounder,https://documents.iplt20.com/ipl/IPLHeadshot2025/584.png
Rinku Singh,KKR,https://www.espncricinfo.com//cricketers/rinku-singh-723105,Left hand Bat,Right arm Offbreak,Middle order Batter,https://documents.iplt20.com/ipl/IPLHeadshot2025/152.png
Varun Chakravarthy,KKR,https://www.espncricinfo.com//cricketers/varun-chakravarthy-1108375,Right hand Bat,Legbreak Googly,Bowler,https://documents.iplt20.com/ipl/IPLHeadshot2025/140.png
Andre Russell,KKR,https://www.espncricinfo.com//cricketers/andre-russell-276298,Right hand Bat,Right arm Fast,Allrounder,https://documents.iplt20.com/ipl/IPLHeadshot2025/141.png
Sunil Narine,KKR,https://www.espncricinfo.com//cricketers/sunil-narine-230558,Left hand Bat,Right arm Offbreak,Bowling Allrounder,https://documents.iplt20.com/ipl/IPLHeadshot2025/156.png
Anrich Nortje,KKR,https://www.espncricinfo.com//cricketers/anrich-nortje-481979,Right hand Bat,Right arm Fast,Bowler,https://documents.iplt20.com/ipl/IPLHeadshot2025/142.png
Harshit Rana,KKR,https://www.espncricinfo.com//cricketers/harshit-rana-1312645,Right hand Bat,Right arm Fast,Bowler,https://documents.iplt20.com/ipl/IPLHeadshot2025/1013.png
Ramandeep Singh,KKR,https://www.espncricinfo.com//cricketers/ramandeep-singh-1079470,Right hand Bat,Right arm Medium,Middle order Batter,https://documents.iplt20.com/ipl/IPLHeadshot2025/991.png
Quinton de Kock,KKR,https://www.espncricinfo.com//cricketers/quinton-de-kock-379143,Left hand Bat,,Wicketkeeper Batter,https://documents.iplt20.com/ipl/IPLHeadshot2025/170.png
Angkrish Raghuvanshi,KKR,https://www.espncricinfo.com//cricketers/angkrish-raghuvanshi-1292495,Right hand Bat,Slow Left arm Orthodox,Top order Batter,https://documents.iplt20.com/ipl/IPLHeadshot2025/787.png
Spencer Johnson,KKR,https://www.espncricinfo.com//cricketers/spencer-johnson-1123718,Left hand Bat,Left arm Fast,Bowler,https://documents.iplt20.com/ipl/IPLHeadshot2025/2518.png
Rahmanullah Gurbaz,KKR,https://www.espncricinfo.com//cricketers/rahmanullah-gurbaz-974087,Right hand Bat,Right arm Medium,Wicketkeeper Batter,https://documents.iplt20.com/ipl/IPLHeadshot2025/641.png
Moeen Ali,KKR,https://www.espncricinfo.com//cricketers/moeen-ali-8917,Left hand Bat,Right arm Offbreak,Batting Allrounder,https://documents.iplt20.com/ipl/IPLHeadshot2025/206.png
Vaibhav Arora,KKR,https://www.espncricinfo.com//cricketers/vaibhav-arora-1209292,Right hand Bat,Right arm Fast medium,Bowler,https://documents.iplt20.com/ipl/IPLHeadshot2025/583.png
Rovman Powell,KKR,https://www.espncricinfo.com//cricketers/rovman-powell-820351,Right hand Bat,Right arm Medium fast,Middle order Batter,https://documents.iplt20.com/ipl/IPLHeadshot2025/329.png
Ajinkya Rahane,KKR,https://www.espncricinfo.com//cricketers/ajinkya-rahane-277916,Right hand Bat,Right arm Medium,Top order Batter,https://documents.iplt20.com/ipl/IPLHeadshot2025/44.png
Manish Pandey,KKR,https://www.espncricinfo.com//cricketers/manish-pandey-290630,Right hand Bat,Right arm Medium,Top order Batter,https://documents.iplt20.com/ipl/IPLHeadshot2025/16.png
Anukul Roy,KKR,https://www.espncricinfo.com//cricketers/anukul-roy-1079839,Left hand Bat,Slow Left arm Orthodox,Allrounder,https://documents.iplt20.com/ipl/IPLHeadshot2025/160.png
Luvnith Sisodia,KKR,https://www.espncricinfo.com//cricketers/luvnith-sisodia-1155253,Left hand Bat,Left arm Medium,Wicketkeeper Batter,https://documents.iplt20.com/ipl/IPLHeadshot2025/1009.png
Mayank Markande,KKR,https://www.espncricinfo.com//cricketers/mayank-markande-1081442,Right hand Bat,Legbreak,Bowler,https://documents.iplt20.com/ipl/IPLHeadshot2025/87.png
Chetan Sakariya,KKR,https://www.espncricinfo.com/cricketers/chetan-sakariya-1131754,Left hand Bat,Left arm Medium fast,Bowler,https://documents.iplt20.com/ipl/IPLHeadshot2025/592.png
Rashid Khan,GT,https://www.espncricinfo.com//cricketers/rashid-khan-793463,Right hand Bat,Legbreak Googly,Bowling Allrounder,https://documents.iplt20.com/ipl/IPLHeadshot2025/218.png
Shubman Gill,GT,https://www.espncricinfo.com//cricketers/shubman-gill-1070173,Right hand Bat, Right arm Offbreak,Opening Batter,https://documents.iplt20.com/ipl/IPLHeadshot2025/62.png
Jos Buttler,GT,https://www.espncricinfo.com//cricketers/jos-buttler-308967,Right hand Bat,,Wicketkeeper Batter,https://documents.iplt20.com/ipl/IPLHeadshot2025/182.png
Mohammed Siraj,GT,https://www.espncricinfo.com//cricketers/mohammed-siraj-940973,Right hand Bat,Right arm Fast,Bowler,https://documents.iplt20.com/ipl/IPLHeadshot2025/63.png
Kagiso Rabada,GT,https://www.espncricinfo.com//cricketers/kagiso-rabada-550215,Left hand Bat,Right arm Fast,Bowler,https://documents.iplt20.com/ipl/IPLHeadshot2025/116.png
Prasidh Krishna,GT,https://www.espncricinfo.com//cricketers/prasidh-krishna-917159,Right hand Bat,Right arm Fast medium,Bowler,https://documents.iplt20.com/ipl/IPLHeadshot2025/150.png
Sai Sudharsan,GT,https://www.espncricinfo.com//cricketers/sai-sudharsan-1151288,Left hand Bat,Legbreak,Top order Batter,https://documents.iplt20.com/ipl/IPLHeadshot2025/976.png
M Shahrukh Khan,GT,https://www.espncricinfo.com//cricketers/m-shahrukh-khan-719719,Right hand Bat,Right arm Offbreak,Batter,https://documents.iplt20.com/ipl/IPLHeadshot2025/590.png
Rahul Tewatia,GT,https://www.espncricinfo.com//cricketers/rahul-tewatia-423838,Left hand Bat,Legbreak,Bowling Allrounder,https://documents.iplt20.com/ipl/IPLHeadshot2025/120.png
Washington Sundar,GT,https://www.espncricinfo.com//cricketers/washington-sundar-719715,Left hand Bat,Right arm Offbreak,Bowling Allrounder,https://documents.iplt20.com/ipl/IPLHeadshot2025/20.png
Sherfane Rutherford,GT,https://www.espncricinfo.com//cricketers/sherfane-rutherford-914541,Left hand Bat,Right arm Fast medium,Middle order Batter,https://documents.iplt20.com/ipl/IPLHeadshot2025/122.png
Gerald Coetzee,GT,https://www.espncricinfo.com//cricketers/gerald-coetzee-596010,Right hand Bat,Right arm Fast,Bowler,https://documents.iplt20.com/ipl/IPLHeadshot2025/2535.png
Glenn Phillips,GT,https://www.espncricinfo.com//cricketers/glenn-phillips-823509,Right hand Bat,Right arm Offbreak,Allrounder,https://documents.iplt20.com/ipl/IPLHeadshot2025/635.png
Sai Kishore,GT,https://www.espncricinfo.com//cricketers/sai-kishore-1048739,Left hand Bat,Slow Left arm Orthodox,Bowler,https://documents.iplt20.com/ipl/IPLHeadshot2025/544.png
Mahipal Lomror,GT,https://www.espncricinfo.com//cricketers/mahipal-lomror-853265,Left hand Bat,Slow Left arm Orthodox,Allrounder,https://documents.iplt20.com/ipl/IPLHeadshot2025/184.png
Gurnoor Brar,GT,https://www.espncricinfo.com//cricketers/gurnoor-brar-1287033,Left hand Bat,Right arm Fast,Bowler,https://documents.iplt20.com/ipl/IPLHeadshot2025/1231.png
Arshad Khan,GT,https://www.espncricinfo.com//cricketers/arshad-khan-1244751,Left hand Bat,Left arm Medium,Bowler,https://documents.iplt20.com/ipl/IPLHeadshot2025/988.png
Karim Janat,GT,https://www.espncricinfo.com//cricketers/karim-janat-793467,Right hand Bat,Right arm Medium,Bowling Allrounder,https://documents.iplt20.com/ipl/IPLHeadshot2025/247.png
Jayant Yadav,GT,https://www.espncricinfo.com//cricketers/jayant-yadav-447587,Right hand Bat,Right arm Offbreak,Bowler,https://documents.iplt20.com/ipl/IPLHeadshot2025/165.png
Ishant Sharma,GT,https://www.espncricinfo.com//cricketers/ishant-sharma-236779,Right hand Bat,Right arm Fast medium,Bowler,https://documents.iplt20.com/ipl/IPLHeadshot2025/50.png
Kumar Kushagra,GT,https://www.espncricinfo.com//cricketers/kumar-kushagra-1207295,Right hand Bat,,Wicketkeeper Batter,https://documents.iplt20.com/ipl/IPLHeadshot2025/3101.png
Nishant Sindhu,GT,https://www.espncricinfo.com//cricketers/nishant-sindhu-1292506,Left hand Bat,Slow Left arm Orthodox,Allrounder,https://documents.iplt20.com/ipl/IPLHeadshot2025/791.png
Manav Suthar,GT,https://www.espncricinfo.com//cricketers/manav-suthar-1175426,Left hand Bat,Slow Left arm Orthodox,Bowling Allrounder,https://documents.iplt20.com/ipl/IPLHeadshot2025/2443.png
Anuj Rawat,GT,https://www.espncricinfo.com//cricketers/anuj-rawat-1123073,Left hand Bat,,Wicketkeeper Batter,https://documents.iplt20.com/ipl/IPLHeadshot2025/534.png
Kulwant Khejroliya,GT,https://www.espncricinfo.com//cricketers/kulwant-khejroliya-1083033,Left hand Bat,Left arm Medium fast,Bowler,https://documents.iplt20.com/ipl/IPLHeadshot2025/204.png
Axar Patel,DC,https://www.espncricinfo.com//cricketers/axar-patel-554691,Left hand Bat,Slow Left arm Orthodox,Allrounder,https://documents.iplt20.com/ipl/IPLHeadshot2025/110.png
KL Rahul,DC,https://www.espncricinfo.com//cricketers/kl-rahul-422108,Right hand Bat,,Wicketkeeper Batter,https://documents.iplt20.com/ipl/IPLHeadshot2025/19.png
Kuldeep Yadav,DC,https://www.espncricinfo.com//cricketers/kuldeep-yadav-559235,Left hand Bat,Left arm Wrist spin,Bowler,https://documents.iplt20.com/ipl/IPLHeadshot2025/14.png
Mitchell Starc,DC,https://www.espncricinfo.com//cricketers/mitchell-starc-311592,Left hand Bat,Left arm Fast,Bowler,https://documents.iplt20.com/ipl/IPLHeadshot2025/31.png
T Natarajan,DC,https://www.espncricinfo.com//cricketers/t-natarajan-802575,Left hand Bat,Left arm Medium,Bowler,https://documents.iplt20.com/ipl/IPLHeadshot2025/224.png
Tristan Stubbs,DC,https://www.espncricinfo.com//cricketers/tristan-stubbs-595978,Right hand Bat,Right arm Offbreak,Batter,https://documents.iplt20.com/ipl/IPLHeadshot2025/1017.png
Jake Fraser-McGurk,DC,https://www.espncricinfo.com//cricketers/jake-fraser-mcgurk-1168049,Right hand Bat,Legbreak Googly,Batter,https://documents.iplt20.com/ipl/IPLHeadshot2025/3115.png
Mukesh Kumar,DC,https://www.espncricinfo.com//cricketers/mukesh-kumar-926851,Right hand Bat,Right arm Medium,Bowler,https://documents.iplt20.com/ipl/IPLHeadshot2025/1462.png
Abishek Porel,DC,https://www.espncricinfo.com//cricketers/abishek-porel-1277545,Left hand Bat,,Wicketkeeper Batter,https://documents.iplt20.com/ipl/IPLHeadshot2025/1580.png
Ashutosh Sharma,DC,https://www.espncricinfo.com//cricketers/ashutosh-sharma-1131978,Right hand Bat,,Batting Allrounder,https://documents.iplt20.com/ipl/IPLHeadshot2025/3109.png
Mohit Sharma,DC,https://www.espncricinfo.com//cricketers/mohit-sharma-537119,Right hand Bat,Right arm Medium,Bowler,https://documents.iplt20.com/ipl/IPLHeadshot2025/100.png
Faf du Plessis,DC,https://www.espncricinfo.com//cricketers/faf-du-plessis-44828,Right hand Bat,Legbreak,Middle order Batter,https://documents.iplt20.com/ipl/IPLHeadshot2025/94.png
Sameer Rizvi,DC,https://www.espncricinfo.com//cricketers/sameer-rizvi-1175489,Right hand Bat,Right arm Offbreak,Batter,https://documents.iplt20.com/ipl/IPLHeadshot2025/1229.png
Donovan Ferreira,DC,https://www.espncricinfo.com//cricketers/donovan-ferreira-698315,Right hand Bat,Right arm Offbreak,Allrounder,https://documents.iplt20.com/ipl/IPLHeadshot2025/2033.png
Dushmantha Chameera,DC,https://www.espncricinfo.com//cricketers/dushmantha-chameera-552152,Right hand Bat,Right arm Fast,Bowler,https://documents.iplt20.com/ipl/IPLHeadshot2025/608.png
Vipraj Nigam,DC,https://www.espncricinfo.com//cricketers/vipraj-nigam-1449074,Right hand Bat,Legbreak,Bowler,https://documents.iplt20.com/ipl/IPLHeadshot2025/3560.png
Karun Nair,DC,https://www.espncricinfo.com//cricketers/karun-nair-398439,Right hand Bat,Right arm Offbreak,Top order Batter,https://documents.iplt20.com/ipl/IPLHeadshot2025/131.png
Madhav Tiwari,DC,https://www.espncricinfo.com//cricketers/madhav-tiwari-1460385,Right hand Bat,Right arm Medium fast,Allrounder,https://documents.iplt20.com/ipl/IPLHeadshot2025/3561.png
Manvanth Kumar,DC,https://www.espncricinfo.com//cricketers/manvanth-kumar-1392186,Left hand Bat,Right arm Fast medium,Allrounder,https://documents.iplt20.com/ipl/IPLHeadshot2025/3562.png
Tripurana Vijay,DC,https://www.espncricinfo.com//cricketers/tripurana-vijay-1292527,Right hand Bat,Right arm Offbreak,Bowler,https://documents.iplt20.com/ipl/IPLHeadshot2025/3563.png
Darshan Nalkande,DC,https://www.espncricinfo.com//cricketers/darshan-nalkande-1111917,Right hand Bat,Right arm Fast medium,Bowler,https://documents.iplt20.com/ipl/IPLHeadshot2025/127.png
Ajay Mandal,DC,https://www.espncricinfo.com//cricketers/ajay-mandal-1059570,Left hand Bat,Slow Left arm Orthodox,Allrounder,https://documents.iplt20.com/ipl/IPLHeadshot2025/1931.png
Ravindra Jadeja,CSK,https://www.espncricinfo.com//cricketers/ravindra-jadeja-234675,Left hand Bat,Slow Left arm Orthodox,Allrounder,https://documents.iplt20.com/ipl/IPLHeadshot2025/46.png
Ruturaj Gaikwad,CSK,https://www.espncricinfo.com//cricketers/ruturaj-gaikwad-1060380,Right hand Bat,Right arm Offbreak,Batter,https://documents.iplt20.com/ipl/IPLHeadshot2025/102.png
Matheesha Pathirana,CSK,https://www.espncricinfo.com//cricketers/matheesha-pathirana-1194795,Right hand Bat,Right arm Fast,Bowler,https://documents.iplt20.com/ipl/IPLHeadshot2025/1014.png
Shivam Dube,CSK,https://www.espncricinfo.com//cricketers/shivam-dube-714451,Left hand Bat,Right arm Medium,Allrounder,https://documents.iplt20.com/ipl/IPLHeadshot2025/211.png
Noor Ahmad,CSK,https://www.espncricinfo.com//cricketers/noor-ahmad-1182529,Right hand Bat,Left arm Wrist spin,Bowler,https://documents.iplt20.com/ipl/IPLHeadshot2025/975.png
Ravichandran Ashwin,CSK,https://www.espncricinfo.com//cricketers/ravichandran-ashwin-26421,Right hand Bat,Right arm Offbreak,Bowling Allrounder,https://documents.iplt20.com/ipl/IPLHeadshot2025/45.png
Devon Conway,CSK,https://www.espncricinfo.com//cricketers/devon-conway-379140,Left hand Bat,Right arm Medium,Wicketkeeper Batter,https://documents.iplt20.com/ipl/IPLHeadshot2025/601.png
Khaleel Ahmed,CSK,https://www.espncricinfo.com//cricketers/khaleel-ahmed-942645,Right hand Bat,Left arm Fast medium,Bowler,https://documents.iplt20.com/ipl/IPLHeadshot2025/8.png
Rachin Ravindra,CSK,https://www.espncricinfo.com//cricketers/rachin-ravindra-959767,Left hand Bat,Slow Left arm Orthodox,Batting Allrounder,https://documents.iplt20.com/ipl/IPLHeadshot2025/724.png
MS Dhoni,CSK,https://www.espncricinfo.com//cricketers/ms-dhoni-28081,Right hand Bat,Right arm Medium,Wicketkeeper Batter,https://documents.iplt20.com/ipl/IPLHeadshot2025/57.png
Rahul Tripathi,CSK,https://www.espncricinfo.com//cricketers/rahul-tripathi-446763,Right hand Bat,Right arm Medium,Top order Batter,https://documents.iplt20.com/ipl/IPLHeadshot2025/188.png
Anshul Kamboj,CSK,https://www.espncricinfo.com//cricketers/anshul-kamboj-1175428,Right hand Bat,Right arm Medium,Allrounder,https://documents.iplt20.com/ipl/IPLHeadshot2025/3106.png
Sam Curran,CSK,https://www.espncricinfo.com//cricketers/sam-curran-662973,Left hand Bat,Left arm Medium fast,Allrounder,https://documents.iplt20.com/ipl/IPLHeadshot2025/138.png
Gurjapneet Singh,CSK,https://www.espncricinfo.com//cricketers/gurjapneet-singh-1269869,Right hand Bat,Left arm Medium fast,Bowler,https://documents.iplt20.com/ipl/IPLHeadshot2025/2256.png
Nathan Ellis,CSK,https://www.espncricinfo.com//cricketers/nathan-ellis-826915,Right hand Bat,Right arm Fast medium,Bowler,https://documents.iplt20.com/ipl/IPLHeadshot2025/633.png
Deepak Hooda,CSK,https://www.espncricinfo.com//cricketers/deepak-hooda-497121,Right hand Bat,Right arm Offbreak,Allrounder,https://documents.iplt20.com/ipl/IPLHeadshot2025/215.png
Jamie Overton,CSK,https://www.espncricinfo.com//cricketers/jamie-overton-510530,Right hand Bat,Right arm Fast,Bowling Allrounder,https://documents.iplt20.com/ipl/IPLHeadshot2025/1216.png
Vijay Shankar,CSK,https://www.espncricinfo.com//cricketers/vijay-shankar-477021,Right hand Bat,Right arm Medium,Allrounder,https://documents.iplt20.com/ipl/IPLHeadshot2025/61.png
Vansh Bedi,CSK,https://www.espncricinfo.com//cricketers/vansh-bedi-1413379,Right hand Bat,,Wicketkeeper Batter,https://documents.iplt20.com/ipl/IPLHeadshot2025/3558.png
Shreyas Gopal,CSK,https://www.espncricinfo.com//cricketers/shreyas-gopal-344580,Right hand Bat,Legbreak,Allrounder,https://documents.iplt20.com/ipl/IPLHeadshot2025/192.png
C Andre Siddarth,CSK,https://www.espncricinfo.com//cricketers/c-andre-siddarth-1440190,Right hand Bat,,Batter,https://documents.iplt20.com/ipl/IPLHeadshot2025/3157.png
Ramakrishna Ghosh,CSK,https://www.espncricinfo.com//cricketers/ramakrishna-ghosh-1339053,Right hand Bat,Right arm Medium fast,Bowling Allrounder,https://documents.iplt20.com/ipl/IPLHeadshot2025/3559.png
Shaik Rasheed,CSK,https://www.espncricinfo.com//cricketers/shaik-rasheed-1292497,Right hand Bat,Legbreak,Batter,https://documents.iplt20.com/ipl/IPLHeadshot2025/778.png
Mukesh Choudhary,CSK,https://www.espncricinfo.com//cricketers/mukesh-choudhary-1125688,Left hand Bat,Left arm Medium,Bowler,https://documents.iplt20.com/ipl/IPLHeadshot2025/970.png
Kamlesh Nagarkoti,CSK,https://www.espncricinfo.com//cricketers/kamlesh-nagarkoti-1070188,Right hand Bat,Right arm Fast,Bowler,https://documents.iplt20.com/ipl/IPLHeadshot2025/146.png
Ayush Mhatre,CSK,https://www.espncricinfo.com/cricketers/ayush-mhatre-1452455,Right hand Bat,Right arm Offbreak,Batting Allrounder,https://documents.iplt20.com/ipl/IPLHeadshot2025/3497.png
Dewald Brevis,CSK,https://www.espncricinfo.com/cricketers/dewald-brevis-1070665,Right hand Bat,Legbreak,Batting Allrounder,https://documents.iplt20.com/ipl/IPLHeadshot2025/797.png
Urvil Patel,CSK,https://www.espncricinfo.com/cricketers/urvil-patel-1131570,Right hand Bat,,Wicketkeeper Batter,https://documents.iplt20.com/ipl/IPLHeadshot2025/1486.png
Kyle Jamieson,PBKS,https://www.espncricinfo.com/cricketers/kyle-jamieson-625960,Right hand Bat,Right arm Fast medium,Bowler,https://documents.iplt20.com/ipl/IPLHeadshot2025/382.png
Mayank Agarwal,RCB,https://www.espncricinfo.com/cricketers/mayank-agarwal-398438,Right hand Bat,Right arm Offbreak,Batter,https://documents.iplt20.com/ipl/IPLHeadshot2025/55.png
Sediqullah Atal,DC,https://www.espncricinfo.com/cricketers/sediqullah-atal-1161050,Left hand Bat,,Opening Batter,
Mustafizur Rahman,DC,https://www.espncricinfo.com/cricketers/mustafizur-rahman-330902,Left hand Bat,Left arm Fast medium,Bowler,https://documents.iplt20.com/ipl/IPLHeadshot2025/258.png
Mitchell Owen,PBKS,https://www.espncricinfo.com/cricketers/mitchell-owen-1213979,Right hand Bat,Right arm Medium,Middle order Batter,https://documents.iplt20.com/ipl/IPLHeadshot2025/3870.png
Will O’Rourke,LSG,https://www.espncricinfo.com/cricketers/will-o-rourke-1211825,Right hand Bat,Right arm Fast,Bowler,https://documents.iplt20.com/ipl/IPLHeadshot2025/3398.png
Harsh Dubey,SRH,https://www.espncricinfo.com/cricketers/harsh-dubey-1216159,Left hand Bat,Slow Left arm Orthodox,Bowling Allrounder,https://documents.iplt20.com/ipl/IPLHeadshot2025/1494.png
