matchID,match,bowlingTeam,bowlerName,overs,maiden,runs,wickets,economy,0s,4s,6s,wides,noBalls,Innings
T204306,PBKS Vs RCB,RCB,Bhuvneshwar Kumar,2,0,17,1,8.50,5,3,0,0,0,1st Innings
T204306,PBKS Vs RCB,RCB,Yash Dayal,4,0,26,2,6.50,11,1,1,0,1,1st Innings
T204306,PBKS Vs RCB,RCB,Josh Hazlewood,3.1,0,21,3,6.63,10,2,1,0,0,1st Innings
T204306,PBKS Vs RCB,RCB,Suyash Sharma,3,0,17,3,5.66,11,0,1,1,0,1st Innings
T204306,PBKS Vs RCB,RCB,Krunal Pandya,1,0,10,0,10.00,2,0,1,0,0,1st Innings
T204306,PBKS Vs RCB,RCB,Romario Shepherd,1,0,5,1,5.00,4,1,0,0,0,1st Innings
T204306,PBKS Vs RCB,PBKS,Arshdeep Singh,2,0,20,0,10.00,3,2,1,0,0,2nd Innings
T204306,PBKS Vs RCB,PBKS,Kyle Jamieson,3,1,27,1,9.00,9,4,1,0,0,2nd Innings
T204306,PBKS Vs RCB,PBKS,Azmatullah Omarzai,1,0,10,0,10.00,3,2,0,0,0,2nd Innings
T204306,PBKS Vs RCB,PBKS,Harpreet Brar,2,0,18,0,9.00,2,1,1,0,0,2nd Innings
T204306,PBKS Vs RCB,PBKS,Musheer Khan,2,0,27,1,13.50,1,2,2,0,0,2nd Innings
T207920,LSG Vs RCB,RCB,Nuwan Thushara,4,0,26,1,6.50,10,3,0,1,1,1st Innings
T207920,LSG Vs RCB,RCB,Krunal Pandya,2,0,14,0,7.00,5,0,1,1,0,1st Innings
T207920,LSG Vs RCB,RCB,Yash Dayal,3,0,44,0,14.66,3,5,2,1,0,1st Innings
T207920,LSG Vs RCB,RCB,Bhuvneshwar Kumar,4,0,46,1,11.50,8,4,3,1,0,1st Innings
T207920,LSG Vs RCB,RCB,Suyash Sharma,3,0,39,0,13.00,4,3,3,0,0,1st Innings
T207920,LSG Vs RCB,RCB,Romario Shepherd,4,0,51,1,12.75,6,2,5,2,0,1st Innings
T207920,LSG Vs RCB,LSG,Akash Singh,4,0,40,1,10.00,6,7,0,0,0,2nd Innings
T207920,LSG Vs RCB,LSG,Will O’Rourke,4,0,74,2,18.50,3,9,4,2,0,2nd Innings
T207920,LSG Vs RCB,LSG,Digvesh Rathi,4,0,36,0,9.00,5,3,1,0,1,2nd Innings
T207920,LSG Vs RCB,LSG,Shahbaz Ahmed,3,0,39,0,13.00,3,6,1,0,0,2nd Innings
T207920,LSG Vs RCB,LSG,Avesh Khan,3,0,32,1,10.66,5,5,0,2,0,2nd Innings
T207920,LSG Vs RCB,LSG,Ayush Badoni,0.4,0,9,0,13.50,1,0,1,0,0,2nd Innings
T207014,MI Vs PBKS,PBKS,Arshdeep Singh,4,0,28,2,7.00,11,4,0,0,0,1st Innings
T207014,MI Vs PBKS,PBKS,Kyle Jamieson,4,0,42,0,10.50,8,5,2,0,0,1st Innings
T207014,MI Vs PBKS,PBKS,Marco Jansen,4,0,34,2,8.50,12,4,1,4,0,1st Innings
T207014,MI Vs PBKS,PBKS,Harpreet Brar,4,0,36,1,9.00,5,2,2,0,0,1st Innings
T207014,MI Vs PBKS,PBKS,Vijaykumar Vyshak,4,0,44,2,11.00,10,2,3,3,0,1st Innings
T207014,MI Vs PBKS,MI,Trent Boult,3.3,0,36,0,10.28,7,5,1,0,0,2nd Innings
T207014,MI Vs PBKS,MI,Deepak Chahar,3,1,28,0,9.33,10,3,2,1,0,2nd Innings
T207014,MI Vs PBKS,MI,Jasprit Bumrah,4,0,23,1,5.75,15,3,1,0,0,2nd Innings
T207014,MI Vs PBKS,MI,Mitchell Santner,4,0,41,2,10.25,7,3,2,3,0,2nd Innings
T207014,MI Vs PBKS,MI,Hardik Pandya,2,0,29,0,14.50,1,2,2,1,0,2nd Innings
T207014,MI Vs PBKS,MI,Ashwani Kumar,1,0,16,0,16.00,0,3,0,1,0,2nd Innings
T207014,MI Vs PBKS,MI,Will Jacks,1,0,11,0,11.00,2,1,0,1,0,2nd Innings
T202020,SRH Vs KKR,KKR,Vaibhav Arora,4,0,39,1,9.75,10,3,2,4,0,1st Innings
T202020,SRH Vs KKR,KKR,Anrich Nortje,4,0,60,0,15.00,7,7,3,3,0,1st Innings
T202020,SRH Vs KKR,KKR,Harshit Rana,3,0,40,0,13.33,5,4,3,0,0,1st Innings
T202020,SRH Vs KKR,KKR,Sunil Narine,4,0,42,2,10.50,8,1,4,0,0,1st Innings
T202020,SRH Vs KKR,KKR,Varun Chakravarthy,3,0,54,0,18.00,2,3,5,3,0,1st Innings
T202020,SRH Vs KKR,KKR,Andre Russell,2,0,34,0,17.00,2,4,2,0,1,1st Innings
T202020,SRH Vs KKR,SRH,Pat Cummins,2,0,25,0,12.50,6,1,3,1,0,2nd Innings
T202020,SRH Vs KKR,SRH,Jaydev Unadkat,4,0,24,3,6.00,12,4,0,0,0,2nd Innings
T202020,SRH Vs KKR,SRH,Harshal Patel,2,0,21,0,10.50,5,2,1,1,0,2nd Innings
T202020,SRH Vs KKR,SRH,Eshan Malinga,3.4,0,31,3,8.45,10,1,3,1,0,2nd Innings
T202020,SRH Vs KKR,SRH,Harsh Dubey,4,0,34,3,8.50,10,1,3,0,0,2nd Innings
T202020,SRH Vs KKR,SRH,Nitish Kumar Reddy,1,0,6,0,6.00,1,0,0,1,0,2nd Innings
T202020,SRH Vs KKR,SRH,Abhishek Sharma,2,0,25,0,12.50,4,2,2,0,0,2nd Innings
T206757,CSK Vs GT,GT,Mohammed Siraj,4,0,47,0,11.75,9,4,3,2,0,1st Innings
T206757,CSK Vs GT,GT,Arshad Khan,2,0,42,0,21.00,1,3,4,1,0,1st Innings
T206757,CSK Vs GT,GT,Prasidh Krishna,4,0,22,2,5.50,15,2,1,2,0,1st Innings
T206757,CSK Vs GT,GT,Gerald Coetzee,3,0,34,0,11.33,5,5,1,0,0,1st Innings
T206757,CSK Vs GT,GT,Sai Kishore,2,0,23,1,11.50,3,1,2,0,0,1st Innings
T206757,CSK Vs GT,GT,Rashid Khan,4,0,42,1,10.50,5,2,3,0,0,1st Innings
T206757,CSK Vs GT,GT,M Shahrukh Khan,1,0,13,1,13.00,1,1,1,0,0,1st Innings
T206757,CSK Vs GT,CSK,Ravindra Jadeja,3,0,17,2,5.66,5,1,0,0,0,2nd Innings
T206757,CSK Vs GT,CSK,Khaleel Ahmed,3,0,17,1,5.66,12,3,0,1,0,2nd Innings
T206757,CSK Vs GT,CSK,Anshul Kamboj,2.3,0,13,3,5.20,9,0,1,0,0,2nd Innings
T206757,CSK Vs GT,CSK,Shivam Dube,2,0,33,0,16.50,1,2,2,1,0,2nd Innings
T206757,CSK Vs GT,CSK,Noor Ahmad,4,0,21,3,5.25,12,1,1,1,0,2nd Innings
T206757,CSK Vs GT,CSK,Matheesha Pathirana,3,0,29,1,9.66,9,2,2,2,0,2nd Innings
T206757,CSK Vs GT,CSK,Deepak Hooda,1,0,15,0,15.00,1,1,1,1,0,2nd Innings
T204213,PBKS Vs DC,DC,Mukesh Kumar,4,0,49,1,12.25,9,6,2,4,0,1st Innings
T204213,PBKS Vs DC,DC,Mustafizur Rahman,4,0,33,3,8.25,8,1,2,0,0,1st Innings
T204213,PBKS Vs DC,DC,Mohit Sharma,4,0,47,0,11.75,5,5,2,1,1,1st Innings
T204213,PBKS Vs DC,DC,Vipraj Nigam,4,0,38,2,9.50,5,4,1,1,0,1st Innings
T204213,PBKS Vs DC,DC,Kuldeep Yadav,4,0,39,2,9.75,7,1,3,0,1,1st Innings
T204213,PBKS Vs DC,PBKS,Arshdeep Singh,4,0,35,0,8.75,6,4,1,0,0,2nd Innings
T204213,PBKS Vs DC,PBKS,Azmatullah Omarzai,4,0,46,0,11.50,6,6,2,0,0,2nd Innings
T204213,PBKS Vs DC,PBKS,Harpreet Brar,4,0,41,2,10.25,5,3,2,1,0,2nd Innings
T204213,PBKS Vs DC,PBKS,Marco Jansen,4,0,41,1,10.25,8,1,4,1,1,2nd Innings
T204213,PBKS Vs DC,PBKS,Praveen Dubey,2,0,20,1,10.00,4,4,0,0,0,2nd Innings
T204213,PBKS Vs DC,PBKS,Marcus Stoinis,1.3,0,21,0,14.00,1,0,2,1,0,2nd Innings
T208879,SRH Vs RCB,RCB,Yash Dayal,3,0,36,0,12.00,4,3,2,0,1,1st Innings
T208879,SRH Vs RCB,RCB,Bhuvneshwar Kumar,4,0,43,1,10.75,9,3,3,0,0,1st Innings
T208879,SRH Vs RCB,RCB,Lungi Ngidi,4,0,51,1,12.75,4,4,3,0,0,1st Innings
T208879,SRH Vs RCB,RCB,Suyash Sharma,3,0,45,1,15.00,3,5,3,0,0,1st Innings
T208879,SRH Vs RCB,RCB,Krunal Pandya,4,0,38,1,9.50,5,1,3,0,0,1st Innings
T208879,SRH Vs RCB,RCB,Romario Shepherd,2,0,14,2,7.00,6,0,1,2,0,1st Innings
T208879,SRH Vs RCB,SRH,Pat Cummins,4,0,28,3,7.00,13,3,1,2,0,2nd Innings
T208879,SRH Vs RCB,SRH,Jaydev Unadkat,4,0,41,1,10.25,7,5,1,1,0,2nd Innings
T208879,SRH Vs RCB,SRH,Harshal Patel,3.5,0,39,1,10.17,9,5,1,1,1,2nd Innings
T208879,SRH Vs RCB,SRH,Eshan Malinga,4,0,37,2,9.25,10,3,2,0,0,2nd Innings
T208879,SRH Vs RCB,SRH,Harsh Dubey,2,0,20,1,10.00,3,0,2,0,0,2nd Innings
T208879,SRH Vs RCB,SRH,Nitish Kumar Reddy,2,0,13,1,6.50,4,0,1,0,0,2nd Innings
T203560,LSG Vs GT,GT,Mohammed Siraj,4,0,37,0,9.25,10,5,1,2,0,1st Innings
T203560,LSG Vs GT,GT,Arshad Khan,3,0,36,1,12.00,5,3,2,1,1,1st Innings
T203560,LSG Vs GT,GT,Kagiso Rabada,4,0,45,0,11.25,8,2,4,1,0,1st Innings
T203560,LSG Vs GT,GT,Prasidh Krishna,4,0,44,0,11.00,6,3,3,1,0,1st Innings
T203560,LSG Vs GT,GT,Sai Kishore,3,0,34,1,11.33,7,1,4,0,0,1st Innings
T203560,LSG Vs GT,GT,Rashid Khan,2,0,36,0,18.00,2,3,3,1,0,1st Innings
T203560,LSG Vs GT,LSG,Akash Singh,3.1,0,29,1,9.15,5,5,0,0,0,2nd Innings
T203560,LSG Vs GT,LSG,Akash Deep,4,0,49,0,12.25,8,5,3,3,0,2nd Innings
T203560,LSG Vs GT,LSG,Will O’Rourke,4,0,27,3,6.75,7,3,0,0,0,2nd Innings
T203560,LSG Vs GT,LSG,Avesh Khan,3.5,0,51,2,13.30,4,5,3,0,0,2nd Innings
T203560,LSG Vs GT,LSG,Shahbaz Ahmed,4,0,41,1,10.25,7,2,2,4,0,2nd Innings
T203560,LSG Vs GT,LSG,Ayush Badoni,1,0,4,2,4.00,2,0,0,0,0,2nd Innings
T205979,MI Vs DC,DC,Mukesh Kumar,4,0,48,2,12.00,7,5,3,0,0,1st Innings
T205979,MI Vs DC,DC,Dushmantha Chameera,4,0,54,1,13.50,6,3,5,0,0,1st Innings
T205979,MI Vs DC,DC,Mustafizur Rahman,4,0,30,1,7.50,10,2,2,0,0,1st Innings
T205979,MI Vs DC,DC,Vipraj Nigam,4,0,25,0,6.25,8,3,0,0,0,1st Innings
T205979,MI Vs DC,DC,Kuldeep Yadav,4,0,22,1,5.50,9,1,0,1,0,1st Innings
T205979,MI Vs DC,MI,Trent Boult,4,0,29,1,7.25,8,4,0,0,0,2nd Innings
T205979,MI Vs DC,MI,Deepak Chahar,3,0,22,1,7.33,8,3,0,0,0,2nd Innings
T205979,MI Vs DC,MI,Will Jacks,1,0,16,1,16.00,2,2,1,0,1,2nd Innings
T205979,MI Vs DC,MI,Mitchell Santner,4,0,11,3,2.75,16,1,0,0,0,2nd Innings
T205979,MI Vs DC,MI,Jasprit Bumrah,3.2,0,12,3,3.60,12,1,0,0,0,2nd Innings
T205979,MI Vs DC,MI,Karn Sharma,3,0,31,1,10.33,4,2,2,0,0,2nd Innings
T206329,CSK Vs RR,RR,Tushar Deshpande,4,0,33,1,8.25,10,6,0,0,0,1st Innings
T206329,CSK Vs RR,RR,Yudhvir Singh,4,0,47,3,11.75,9,5,3,0,1,1st Innings
T206329,CSK Vs RR,RR,Kwena Maphaka,2,0,22,0,11.00,4,2,1,2,0,1st Innings
T206329,CSK Vs RR,RR,Wanindu Hasaranga,4,0,27,1,6.75,10,0,2,2,0,1st Innings
T206329,CSK Vs RR,RR,Riyan Parag,2,0,26,0,13.00,3,1,2,3,0,1st Innings
T206329,CSK Vs RR,RR,Akash Madhwal,4,0,29,3,7.25,8,2,0,1,0,1st Innings
T206329,CSK Vs RR,CSK,Khaleel Ahmed,3,0,35,0,11.66,6,6,1,0,0,2nd Innings
T206329,CSK Vs RR,CSK,Anshul Kamboj,3,0,21,1,7.00,8,2,1,0,0,2nd Innings
T206329,CSK Vs RR,CSK,Ravichandran Ashwin,4,0,41,2,10.25,6,1,4,0,0,2nd Innings
T206329,CSK Vs RR,CSK,Noor Ahmad,3,0,42,1,14.00,4,3,2,2,1,2nd Innings
T206329,CSK Vs RR,CSK,Matheesha Pathirana,2.1,0,22,0,10.15,3,2,1,1,0,2nd Innings
T206329,CSK Vs RR,CSK,Ravindra Jadeja,2,0,27,0,13.50,3,1,3,0,0,2nd Innings
T207824,LSG Vs SRH,SRH,Pat Cummins,4,0,34,0,8.50,7,3,1,1,0,1st Innings
T207824,LSG Vs SRH,SRH,Harsh Dubey,4,0,44,1,11.00,5,3,3,1,0,1st Innings
T207824,LSG Vs SRH,SRH,Harshal Patel,4,0,49,1,12.25,10,6,2,3,2,1st Innings
T207824,LSG Vs SRH,SRH,Eshan Malinga,4,0,28,2,7.00,10,3,1,0,0,1st Innings
T207824,LSG Vs SRH,SRH,Zeeshan Ansari,2,0,22,0,11.00,0,1,1,1,0,1st Innings
T207824,LSG Vs SRH,SRH,Nitish Kumar Reddy,2,0,28,1,14.00,4,2,2,3,0,1st Innings
T207824,LSG Vs SRH,LSG,Akash Deep,3,0,33,0,11.00,5,3,1,5,0,2nd Innings
T207824,LSG Vs SRH,LSG,Will O’Rourke,2.2,0,31,1,13.28,5,4,2,0,0,2nd Innings
T207824,LSG Vs SRH,LSG,Digvesh Rathi,4,0,37,2,9.25,8,4,1,1,0,2nd Innings
T207824,LSG Vs SRH,LSG,Avesh Khan,3,0,25,0,8.33,4,2,0,2,0,2nd Innings
T207824,LSG Vs SRH,LSG,Ravi Bishnoi,1,0,26,0,26.00,1,0,4,1,0,2nd Innings
T207824,LSG Vs SRH,LSG,Aiden Markram,1,0,14,0,14.00,1,1,1,0,0,2nd Innings
T207824,LSG Vs SRH,LSG,Shardul Thakur,4,0,39,1,9.75,3,5,0,0,0,2nd Innings
T204982,DC Vs GT,GT,Mohammed Siraj,4,0,37,0,9.25,11,6,1,1,0,1st Innings
T204982,DC Vs GT,GT,Arshad Khan,2,0,7,1,3.50,8,0,0,2,0,1st Innings
T204982,DC Vs GT,GT,Kagiso Rabada,2,0,34,0,17.00,2,1,4,0,0,1st Innings
T204982,DC Vs GT,GT,Prasidh Krishna,4,0,40,1,10.00,6,3,2,0,0,1st Innings
T204982,DC Vs GT,GT,Rashid Khan,4,0,32,0,8.00,4,3,0,1,0,1st Innings
T204982,DC Vs GT,GT,Sai Kishore,4,0,47,1,11.75,6,4,3,0,0,1st Innings
T204982,DC Vs GT,DC,Axar Patel,3,0,35,0,11.66,5,4,2,0,0,2nd Innings
T204982,DC Vs GT,DC,T Natarajan,3,0,49,0,16.33,1,5,3,0,0,2nd Innings
T204982,DC Vs GT,DC,Mustafizur Rahman,3,0,24,0,8.00,5,3,0,0,0,2nd Innings
T204982,DC Vs GT,DC,Dushmantha Chameera,2,0,22,0,11.00,3,2,1,1,0,2nd Innings
T204982,DC Vs GT,DC,Vipraj Nigam,4,0,37,0,9.25,4,0,3,1,0,2nd Innings
T204982,DC Vs GT,DC,Kuldeep Yadav,4,0,37,0,9.25,4,1,2,1,0,2nd Innings
T204891,PBKS Vs RR,RR,Fazalhaq Farooqi,3,0,39,0,13.00,3,4,2,0,0,1st Innings
T204891,PBKS Vs RR,RR,Tushar Deshpande,4,0,37,2,9.25,9,4,1,1,0,1st Innings
T204891,PBKS Vs RR,RR,Kwena Maphaka,3,0,32,1,10.66,8,4,2,0,0,1st Innings
T204891,PBKS Vs RR,RR,Riyan Parag,3,0,26,1,8.66,5,2,1,2,0,1st Innings
T204891,PBKS Vs RR,RR,Wanindu Hasaranga,3,0,33,0,11.00,4,2,2,0,0,1st Innings
T204891,PBKS Vs RR,RR,Akash Madhwal,4,0,48,1,12.00,6,6,2,2,0,1st Innings
T204891,PBKS Vs RR,PBKS,Arshdeep Singh,4,0,60,0,15.00,9,6,4,1,0,2nd Innings
T204891,PBKS Vs RR,PBKS,Marco Jansen,3,0,41,2,13.66,7,6,2,2,0,2nd Innings
T204891,PBKS Vs RR,PBKS,Xavier Bartlett,1,0,12,0,12.00,3,3,0,0,0,2nd Innings
T204891,PBKS Vs RR,PBKS,Harpreet Brar,4,0,22,3,5.50,9,2,0,0,0,2nd Innings
T204891,PBKS Vs RR,PBKS,Yuzvendra Chahal,4,0,30,0,7.50,8,1,2,0,0,2nd Innings
T204891,PBKS Vs RR,PBKS,Azmatullah Omarzai,4,0,44,2,11.00,6,2,3,0,0,2nd Innings
T209042,KKR Vs CSK,CSK,Khaleel Ahmed,2,0,14,0,7.00,8,3,0,1,0,1st Innings
T209042,KKR Vs CSK,CSK,Anshul Kamboj,3,0,38,1,12.66,4,4,2,0,0,1st Innings
T209042,KKR Vs CSK,CSK,Ravichandran Ashwin,3,0,19,0,6.33,11,2,1,0,0,1st Innings
T209042,KKR Vs CSK,CSK,Noor Ahmad,4,0,31,4,7.75,9,3,1,1,0,1st Innings
T209042,KKR Vs CSK,CSK,Ravindra Jadeja,4,0,34,1,8.50,8,2,2,0,0,1st Innings
T209042,KKR Vs CSK,CSK,Matheesha Pathirana,4,0,39,0,9.75,3,2,2,0,0,1st Innings
T209042,KKR Vs CSK,KKR,Vaibhav Arora,3,0,48,3,16.00,7,3,5,2,0,2nd Innings
T209042,KKR Vs CSK,KKR,Moeen Ali,2,0,23,1,11.50,3,1,2,0,0,2nd Innings
T209042,KKR Vs CSK,KKR,Harshit Rana,4,0,43,2,10.75,9,2,4,1,0,2nd Innings
T209042,KKR Vs CSK,KKR,Varun Chakravarthy,4,0,18,2,4.50,12,1,0,1,0,2nd Innings
T209042,KKR Vs CSK,KKR,Sunil Narine,4,0,28,0,7.00,9,2,1,0,0,2nd Innings
T209042,KKR Vs CSK,KKR,Andre Russell,2.4,0,22,0,8.25,5,2,1,0,0,2nd Innings
T202937,MI Vs GT,GT,Mohammed Siraj,3,0,29,1,9.66,7,4,1,0,0,1st Innings
T202937,MI Vs GT,GT,Arshad Khan,3,0,18,1,6.00,10,3,0,0,0,1st Innings
T202937,MI Vs GT,GT,Prasidh Krishna,4,0,37,1,9.25,10,4,2,0,0,1st Innings
T202937,MI Vs GT,GT,Sai Kishore,4,0,34,2,8.50,5,1,2,1,0,1st Innings
T202937,MI Vs GT,GT,Rashid Khan,4,0,21,1,5.25,9,1,0,0,0,1st Innings
T202937,MI Vs GT,GT,Gerald Coetzee,2,0,10,1,5.00,6,1,0,0,0,1st Innings
T202937,MI Vs GT,MI,Deepak Chahar,3,0,32,1,10.66,6,4,1,1,1,2nd Innings
T202937,MI Vs GT,MI,Trent Boult,4,0,22,2,5.50,11,1,1,0,0,2nd Innings
T202937,MI Vs GT,MI,Jasprit Bumrah,4,0,19,2,4.75,15,2,0,1,0,2nd Innings
T202937,MI Vs GT,MI,Hardik Pandya,1,0,18,0,18.00,1,1,1,3,2,2nd Innings
T202937,MI Vs GT,MI,Karn Sharma,2,0,13,0,6.50,3,1,0,0,0,2nd Innings
T202937,MI Vs GT,MI,Ashwani Kumar,4,0,28,2,7.00,6,1,1,0,0,2nd Innings
T202937,MI Vs GT,MI,Will Jacks,1,0,15,0,15.00,3,2,1,1,0,2nd Innings
T205452,PBKS Vs LSG,LSG,Akash Singh,4,0,30,2,7.50,9,3,1,0,0,1st Innings
T205452,PBKS Vs LSG,LSG,Mayank Yadav,4,0,60,0,15.00,6,3,6,1,0,1st Innings
T205452,PBKS Vs LSG,LSG,Avesh Khan,4,0,57,0,14.25,3,5,3,2,0,1st Innings
T205452,PBKS Vs LSG,LSG,Digvesh Rathi,4,0,46,2,11.50,6,4,3,1,0,1st Innings
T205452,PBKS Vs LSG,LSG,Prince Yadav,4,0,43,1,10.75,7,3,3,1,0,1st Innings
T205452,PBKS Vs LSG,PBKS,Arshdeep Singh,4,0,16,3,4.00,14,1,0,1,0,2nd Innings
T205452,PBKS Vs LSG,PBKS,Marco Jansen,4,0,31,1,7.75,14,3,2,1,0,2nd Innings
T205452,PBKS Vs LSG,PBKS,Azmatullah Omarzai,4,0,33,2,8.25,12,2,2,2,0,2nd Innings
T205452,PBKS Vs LSG,PBKS,Yuzvendra Chahal,4,0,50,1,12.50,7,3,4,2,0,2nd Innings
T205452,PBKS Vs LSG,PBKS,Vijaykumar Vyshak,3,0,49,0,16.33,3,4,4,0,0,2nd Innings
T205452,PBKS Vs LSG,PBKS,Marcus Stoinis,1,0,17,0,17.00,0,1,1,2,0,2nd Innings
T206367,KKR Vs RR,RR,Jofra Archer,4,0,30,1,7.50,11,2,2,1,0,1st Innings
T206367,KKR Vs RR,RR,Yudhvir Singh,2,0,26,1,13.00,6,3,2,1,0,1st Innings
T206367,KKR Vs RR,RR,Maheesh Theekshana,4,0,41,1,10.25,9,1,4,0,0,1st Innings
T206367,KKR Vs RR,RR,Akash Madhwal,3,0,50,0,16.66,4,4,4,3,0,1st Innings
T206367,KKR Vs RR,RR,Wanindu Hasaranga,4,0,35,0,8.75,6,5,0,1,0,1st Innings
T206367,KKR Vs RR,RR,Riyan Parag,3,0,21,1,7.00,3,1,0,1,0,1st Innings
T206367,KKR Vs RR,KKR,Vaibhav Arora,4,0,50,1,12.50,8,4,4,0,0,2nd Innings
T206367,KKR Vs RR,KKR,Moeen Ali,3,0,43,2,14.33,4,0,5,2,0,2nd Innings
T206367,KKR Vs RR,KKR,Harshit Rana,4,0,41,2,10.25,10,6,1,2,1,2nd Innings
T206367,KKR Vs RR,KKR,Varun Chakravarthy,4,0,32,2,8.00,10,3,1,0,0,2nd Innings
T206367,KKR Vs RR,KKR,Sunil Narine,4,0,27,0,6.75,6,1,1,0,0,2nd Innings
T206367,KKR Vs RR,KKR,Andre Russell,1,0,11,0,11.00,0,1,0,0,0,2nd Innings
T205495,RCB Vs CSK,CSK,Khaleel Ahmed,3,0,65,0,21.66,5,5,7,0,1,1st Innings
T205495,RCB Vs CSK,CSK,Anshul Kamboj,3,0,25,0,8.33,7,3,1,0,0,1st Innings
T205495,RCB Vs CSK,CSK,Noor Ahmad,4,0,26,1,6.50,13,3,1,0,0,1st Innings
T205495,RCB Vs CSK,CSK,Ravindra Jadeja,3,0,26,0,8.66,7,3,1,1,0,1st Innings
T205495,RCB Vs CSK,CSK,Sam Curran,3,0,34,1,11.33,3,3,2,0,0,1st Innings
T205495,RCB Vs CSK,CSK,Matheesha Pathirana,4,0,36,3,9.00,10,3,2,3,0,1st Innings
T205495,RCB Vs CSK,RCB,Krunal Pandya,3,0,24,1,8.00,5,2,1,0,0,2nd Innings
T205495,RCB Vs CSK,RCB,Bhuvneshwar Kumar,4,0,55,0,13.75,5,7,3,0,0,2nd Innings
T205495,RCB Vs CSK,RCB,Yash Dayal,4,0,41,1,10.25,4,2,2,0,1,2nd Innings
T205495,RCB Vs CSK,RCB,Lungi Ngidi,4,0,30,3,7.50,9,3,1,0,0,2nd Innings
T205495,RCB Vs CSK,RCB,Suyash Sharma,4,0,43,0,10.75,2,4,1,0,0,2nd Innings
T205495,RCB Vs CSK,RCB,Romario Shepherd,1,0,18,0,18.00,1,1,2,0,0,2nd Innings
T204385,GT Vs SRH,SRH,Mohammed Shami,3,0,48,0,16.00,2,7,2,0,0,1st Innings
T204385,GT Vs SRH,SRH,Jaydev Unadkat,4,0,35,3,8.75,8,2,2,1,0,1st Innings
T204385,GT Vs SRH,SRH,Pat Cummins,4,0,40,1,10.00,6,3,2,1,0,1st Innings
T204385,GT Vs SRH,SRH,Harshal Patel,3,0,41,0,13.66,1,6,1,0,0,1st Innings
T204385,GT Vs SRH,SRH,Zeeshan Ansari,4,0,42,1,10.50,4,2,2,1,0,1st Innings
T204385,GT Vs SRH,SRH,Kamindu Mendis,2,0,18,0,9.00,1,2,0,0,0,1st Innings
T204385,GT Vs SRH,GT,Mohammed Siraj,4,0,33,2,8.25,10,4,1,2,0,2nd Innings
T204385,GT Vs SRH,GT,Ishant Sharma,3.2,0,35,1,10.50,7,3,2,2,0,2nd Innings
T204385,GT Vs SRH,GT,Prasidh Krishna,4,0,19,2,4.75,10,1,0,1,0,2nd Innings
T204385,GT Vs SRH,GT,Gerald Coetzee,4,0,36,1,9.00,5,2,1,1,0,2nd Innings
T204385,GT Vs SRH,GT,Washington Sundar,1,0,6,0,6.00,1,0,0,1,0,2nd Innings
T204385,GT Vs SRH,GT,Rashid Khan,3,0,50,0,16.66,1,1,6,0,0,2nd Innings
T204385,GT Vs SRH,GT,Sai Kishore,0.4,0,1,0,1.50,3,0,0,0,0,2nd Innings
T207676,MI Vs RR,RR,Jofra Archer,4,0,42,0,10.50,6,3,2,0,0,1st Innings
T207676,MI Vs RR,RR,Fazalhaq Farooqi,4,0,54,0,13.50,8,8,2,1,0,1st Innings
T207676,MI Vs RR,RR,Maheesh Theekshana,4,0,47,1,11.75,6,7,1,3,0,1st Innings
T207676,MI Vs RR,RR,Kumar Kartikeya,2,0,22,0,11.00,4,3,1,0,0,1st Innings
T207676,MI Vs RR,RR,Akash Madhwal,4,0,39,0,9.75,5,4,1,1,0,1st Innings
T207676,MI Vs RR,RR,Riyan Parag,2,0,12,1,6.00,5,1,0,1,0,1st Innings
T207676,MI Vs RR,MI,Deepak Chahar,2,0,13,1,6.50,9,1,0,2,0,2nd Innings
T207676,MI Vs RR,MI,Trent Boult,2.1,0,28,3,12.92,5,3,2,1,0,2nd Innings
T207676,MI Vs RR,MI,Jasprit Bumrah,4,0,15,2,3.75,15,2,0,0,0,2nd Innings
T207676,MI Vs RR,MI,Corbin Bosch,3,0,29,0,9.66,10,2,3,0,0,2nd Innings
T207676,MI Vs RR,MI,Hardik Pandya,1,0,2,1,2.00,4,0,0,0,0,2nd Innings
T207676,MI Vs RR,MI,Karn Sharma,4,0,23,3,5.75,10,1,1,0,0,2nd Innings
T207764,CSK Vs PBKS,PBKS,Arshdeep Singh,3.2,0,25,2,7.50,12,2,1,6,0,1st Innings
T207764,CSK Vs PBKS,PBKS,Marco Jansen,4,0,30,2,7.50,13,4,1,2,0,1st Innings
T207764,CSK Vs PBKS,PBKS,Azmatullah Omarzai,4,0,39,1,9.75,6,5,0,2,0,1st Innings
T207764,CSK Vs PBKS,PBKS,Harpreet Brar,2,0,21,1,10.50,5,3,1,0,0,1st Innings
T207764,CSK Vs PBKS,PBKS,Yuzvendra Chahal,3,0,32,4,10.66,5,2,2,1,0,1st Innings
T207764,CSK Vs PBKS,PBKS,Suryansh Shedge,3,0,40,0,13.33,1,3,2,0,1,1st Innings
T207764,CSK Vs PBKS,CSK,Khaleel Ahmed,3.4,0,28,2,7.63,13,6,0,1,0,2nd Innings
T207764,CSK Vs PBKS,CSK,Anshul Kamboj,2,0,20,0,10.00,3,2,1,0,0,2nd Innings
T207764,CSK Vs PBKS,CSK,Ravindra Jadeja,3,0,32,1,10.66,6,5,1,0,0,2nd Innings
T207764,CSK Vs PBKS,CSK,Noor Ahmad,4,0,39,1,9.75,5,1,3,0,0,2nd Innings
T207764,CSK Vs PBKS,CSK,Sam Curran,3,0,27,0,9.00,3,2,1,0,0,2nd Innings
T207764,CSK Vs PBKS,CSK,Matheesha Pathirana,4,0,45,2,11.25,6,3,3,2,0,2nd Innings
T206881,KKR Vs DC,DC,Mitchell Starc,4,0,43,3,10.75,12,5,3,1,0,1st Innings
T206881,KKR Vs DC,DC,Dushmantha Chameera,3,0,46,1,15.33,4,5,2,6,0,1st Innings
T206881,KKR Vs DC,DC,Mukesh Kumar,2,0,17,0,8.50,6,3,0,2,0,1st Innings
T206881,KKR Vs DC,DC,Vipraj Nigam,4,0,41,2,10.25,7,3,2,1,1,1st Innings
T206881,KKR Vs DC,DC,Axar Patel,4,0,27,2,6.75,6,2,0,1,0,1st Innings
T206881,KKR Vs DC,DC,Kuldeep Yadav,3,0,27,0,9.00,7,3,1,0,0,1st Innings
T206881,KKR Vs DC,KKR,Anukul Roy,4,0,27,1,6.75,8,3,0,1,0,2nd Innings
T206881,KKR Vs DC,KKR,Vaibhav Arora,2,0,19,1,9.50,5,2,1,1,0,2nd Innings
T206881,KKR Vs DC,KKR,Harshit Rana,4,0,49,0,12.25,8,7,2,0,0,2nd Innings
T206881,KKR Vs DC,KKR,Varun Chakravarthy,4,0,39,2,9.75,8,4,2,1,0,2nd Innings
T206881,KKR Vs DC,KKR,Sunil Narine,4,0,29,3,7.25,10,0,3,0,0,2nd Innings
T206881,KKR Vs DC,KKR,Andre Russell,2,0,22,1,11.00,5,4,0,1,1,2nd Innings
T205938,GT Vs RR,RR,Jofra Archer,4,0,49,1,12.25,6,5,3,0,0,1st Innings
T205938,GT Vs RR,RR,Maheesh Theekshana,4,0,35,2,8.75,4,3,0,3,0,1st Innings
T205938,GT Vs RR,RR,Yudhvir Singh,3,0,38,0,12.66,6,3,3,0,0,1st Innings
T205938,GT Vs RR,RR,Sandeep Sharma,4,0,33,1,8.25,7,1,1,4,0,1st Innings
T205938,GT Vs RR,RR,Riyan Parag,1,0,14,0,14.00,0,0,1,0,0,1st Innings
T205938,GT Vs RR,RR,Wanindu Hasaranga,4,0,39,0,9.75,5,1,3,1,0,1st Innings
T205938,GT Vs RR,GT,Mohammed Siraj,2,0,24,0,12.00,4,3,1,2,0,2nd Innings
T205938,GT Vs RR,GT,Ishant Sharma,2,0,36,0,18.00,4,2,4,2,0,2nd Innings
T205938,GT Vs RR,GT,Washington Sundar,1.5,0,34,0,18.54,1,3,3,0,0,2nd Innings
T205938,GT Vs RR,GT,Prasidh Krishna,4,0,47,1,11.75,7,5,2,0,0,2nd Innings
T205938,GT Vs RR,GT,Rashid Khan,4,0,24,1,6.00,10,1,1,0,0,2nd Innings
T205938,GT Vs RR,GT,Karim Janat,1,0,30,0,30.00,0,3,3,0,0,2nd Innings
T205938,GT Vs RR,GT,Sai Kishore,1,0,16,0,16.00,2,2,1,0,0,2nd Innings
T209925,DC Vs RCB,RCB,Bhuvneshwar Kumar,4,0,33,3,8.25,10,2,2,0,0,1st Innings
T209925,DC Vs RCB,RCB,Yash Dayal,4,0,42,1,10.50,10,5,1,1,1,1st Innings
T209925,DC Vs RCB,RCB,Josh Hazlewood,4,0,36,2,9.00,10,5,1,1,0,1st Innings
T209925,DC Vs RCB,RCB,Suyash Sharma,4,0,22,0,5.50,8,2,0,0,0,1st Innings
T209925,DC Vs RCB,RCB,Krunal Pandya,4,0,28,1,7.00,5,0,1,0,0,1st Innings
T209925,DC Vs RCB,DC,Axar Patel,4,0,19,2,4.75,9,1,0,1,0,2nd Innings
T209925,DC Vs RCB,DC,Mitchell Starc,3,0,31,0,10.33,6,4,1,0,0,2nd Innings
T209925,DC Vs RCB,DC,Mukesh Kumar,3.3,0,51,0,14.57,7,6,3,0,1,2nd Innings
T209925,DC Vs RCB,DC,Vipraj Nigam,1,0,12,0,12.00,1,1,0,0,1,2nd Innings
T209925,DC Vs RCB,DC,Kuldeep Yadav,4,0,28,0,7.00,8,1,1,0,0,2nd Innings
T209925,DC Vs RCB,DC,Dushmantha Chameera,3,0,24,1,8.00,3,1,1,1,0,2nd Innings
T203916,MI Vs LSG,LSG,Mayank Yadav,4,0,40,2,10.00,12,3,3,4,0,1st Innings
T203916,MI Vs LSG,LSG,Prince Yadav,4,0,44,1,11.00,8,5,2,1,0,1st Innings
T203916,MI Vs LSG,LSG,Digvesh Rathi,4,0,48,1,12.00,5,3,4,0,0,1st Innings
T203916,MI Vs LSG,LSG,Ravi Bishnoi,4,0,41,1,10.25,7,3,3,0,0,1st Innings
T203916,MI Vs LSG,LSG,Avesh Khan,4,0,42,2,10.50,6,4,2,0,0,1st Innings
T203916,MI Vs LSG,MI,Trent Boult,4,0,20,3,5.00,11,2,0,0,0,2nd Innings
T203916,MI Vs LSG,MI,Deepak Chahar,3,0,38,0,12.66,8,2,4,1,1,2nd Innings
T203916,MI Vs LSG,MI,Jasprit Bumrah,4,0,22,4,5.50,14,0,2,1,0,2nd Innings
T203916,MI Vs LSG,MI,Will Jacks,2,0,18,2,9.00,4,3,0,0,0,2nd Innings
T203916,MI Vs LSG,MI,Karn Sharma,2,0,25,0,12.50,2,1,2,0,0,2nd Innings
T203916,MI Vs LSG,MI,Hardik Pandya,1,0,10,0,10.00,2,2,0,0,0,2nd Innings
T203916,MI Vs LSG,MI,Corbin Bosch,4,0,26,1,6.50,14,2,1,3,0,2nd Innings
T203004,CSK Vs SRH,SRH,Mohammed Shami,3,0,28,1,9.33,7,5,0,0,1,1st Innings
T203004,CSK Vs SRH,SRH,Pat Cummins,4,0,21,2,5.25,9,2,0,0,0,1st Innings
T203004,CSK Vs SRH,SRH,Jaydev Unadkat,2.5,0,21,2,7.41,7,3,0,1,0,1st Innings
T203004,CSK Vs SRH,SRH,Harshal Patel,4,0,28,4,7.00,14,1,2,1,1,1st Innings
T203004,CSK Vs SRH,SRH,Zeeshan Ansari,3,0,27,0,9.00,5,2,1,0,0,1st Innings
T203004,CSK Vs SRH,SRH,Kamindu Mendis,3,0,26,1,8.66,7,0,3,0,0,1st Innings
T203004,CSK Vs SRH,CSK,Khaleel Ahmed,3,0,21,1,7.00,9,3,0,1,0,2nd Innings
T203004,CSK Vs SRH,CSK,Anshul Kamboj,3,0,16,1,5.33,12,3,0,0,0,2nd Innings
T203004,CSK Vs SRH,CSK,Noor Ahmad,4,0,42,2,10.50,7,3,1,1,2,2nd Innings
T203004,CSK Vs SRH,CSK,Ravindra Jadeja,3.4,0,22,1,6.00,9,0,1,0,0,2nd Innings
T203004,CSK Vs SRH,CSK,Sam Curran,2,0,25,0,12.50,2,3,1,0,0,2nd Innings
T203004,CSK Vs SRH,CSK,Matheesha Pathirana,3,0,27,0,9.00,9,3,0,5,0,2nd Innings
T207805,RCB Vs RR,RR,Jofra Archer,4,0,33,1,8.25,12,5,0,2,0,1st Innings
T207805,RCB Vs RR,RR,Fazalhaq Farooqi,3,0,30,0,10.00,3,4,0,1,0,1st Innings
T207805,RCB Vs RR,RR,Tushar Deshpande,2,0,36,0,18.00,2,3,3,2,0,1st Innings
T207805,RCB Vs RR,RR,Sandeep Sharma,4,0,45,2,11.25,6,6,1,4,0,1st Innings
T207805,RCB Vs RR,RR,Wanindu Hasaranga,4,0,30,1,7.50,4,2,0,1,0,1st Innings
T207805,RCB Vs RR,RR,Riyan Parag,3,0,30,0,10.00,5,2,2,0,0,1st Innings
T207805,RCB Vs RR,RCB,Bhuvneshwar Kumar,4,0,50,1,12.50,11,2,6,0,0,2nd Innings
T207805,RCB Vs RR,RCB,Yash Dayal,3,0,33,1,11.00,5,4,1,1,0,2nd Innings
T207805,RCB Vs RR,RCB,Josh Hazlewood,4,0,33,4,8.25,15,6,1,1,0,2nd Innings
T207805,RCB Vs RR,RCB,Romario Shepherd,1,0,15,0,15.00,2,2,1,0,0,2nd Innings
T207805,RCB Vs RR,RCB,Suyash Sharma,4,0,31,0,7.75,8,1,2,0,0,2nd Innings
T207805,RCB Vs RR,RCB,Krunal Pandya,4,0,31,2,7.75,8,2,1,1,0,2nd Innings
T207487,SRH Vs MI,MI,Deepak Chahar,4,0,12,2,3.00,17,1,0,1,0,1st Innings
T207487,SRH Vs MI,MI,Trent Boult,4,0,26,4,6.50,12,1,2,1,0,1st Innings
T207487,SRH Vs MI,MI,Jasprit Bumrah,4,0,39,1,9.75,8,3,2,0,0,1st Innings
T207487,SRH Vs MI,MI,Mitchell Santner,4,0,19,0,4.75,9,1,0,0,0,1st Innings
T207487,SRH Vs MI,MI,Hardik Pandya,3,0,31,1,10.33,6,4,1,1,0,1st Innings
T207487,SRH Vs MI,MI,Vignesh Puthur,1,0,15,0,15.00,2,2,1,0,0,1st Innings
T207487,SRH Vs MI,SRH,Pat Cummins,3,0,31,0,10.33,7,3,2,0,0,2nd Innings
T207487,SRH Vs MI,SRH,Jaydev Unadkat,3,0,25,1,8.33,7,3,1,0,0,2nd Innings
T207487,SRH Vs MI,SRH,Harshal Patel,3,0,21,0,7.00,6,3,0,0,0,2nd Innings
T207487,SRH Vs MI,SRH,Eshan Malinga,3,0,33,1,11.00,6,3,2,1,0,2nd Innings
T207487,SRH Vs MI,SRH,Zeeshan Ansari,3.4,0,36,1,9.81,6,5,1,0,0,2nd Innings
T207474,LSG Vs DC,DC,Axar Patel,4,0,29,0,7.25,6,3,0,0,0,1st Innings
T207474,LSG Vs DC,DC,Mitchell Starc,4,0,25,1,6.25,9,1,1,0,0,1st Innings
T207474,LSG Vs DC,DC,Mukesh Kumar,4,0,33,4,8.25,11,5,1,0,0,1st Innings
T207474,LSG Vs DC,DC,Dushmantha Chameera,3,0,25,1,8.33,4,1,1,0,0,1st Innings
T207474,LSG Vs DC,DC,Vipraj Nigam,1,0,14,0,14.00,0,1,1,0,0,1st Innings
T207474,LSG Vs DC,DC,Kuldeep Yadav,4,0,33,0,8.25,4,3,0,1,0,1st Innings
T207474,LSG Vs DC,LSG,Shardul Thakur,2,0,28,0,14.00,3,4,1,1,0,2nd Innings
T207474,LSG Vs DC,LSG,Digvesh Rathi,4,0,24,0,6.00,8,1,1,0,0,2nd Innings
T207474,LSG Vs DC,LSG,Prince Yadav,2.5,0,23,0,8.11,6,2,1,0,0,2nd Innings
T207474,LSG Vs DC,LSG,Aiden Markram,3,0,30,2,10.00,4,1,2,1,0,2nd Innings
T207474,LSG Vs DC,LSG,Avesh Khan,3,0,19,0,6.33,9,3,0,1,0,2nd Innings
T207474,LSG Vs DC,LSG,Ravi Bishnoi,3,0,36,0,12.00,4,0,4,0,0,2nd Innings
T205989,GT Vs KKR,KKR,Vaibhav Arora,4,0,44,1,11.00,7,5,2,1,0,1st Innings
T205989,GT Vs KKR,KKR,Moeen Ali,3,0,27,0,9.00,6,3,1,0,0,1st Innings
T205989,GT Vs KKR,KKR,Harshit Rana,4,0,45,1,11.25,5,6,1,2,0,1st Innings
T205989,GT Vs KKR,KKR,Varun Chakravarthy,4,0,33,0,8.25,7,5,0,0,0,1st Innings
T205989,GT Vs KKR,KKR,Sunil Narine,4,0,36,0,9.00,4,2,1,0,1,1st Innings
T205989,GT Vs KKR,KKR,Andre Russell,1,0,13,1,13.00,2,3,0,0,0,1st Innings
T205989,GT Vs KKR,GT,Mohammed Siraj,4,0,32,1,8.00,13,4,1,1,0,2nd Innings
T205989,GT Vs KKR,GT,Ishant Sharma,2,0,18,1,9.00,5,2,1,0,0,2nd Innings
T205989,GT Vs KKR,GT,Prasidh Krishna,4,0,25,2,6.25,12,4,0,1,0,2nd Innings
T205989,GT Vs KKR,GT,Rashid Khan,4,0,25,2,6.25,11,2,1,0,0,2nd Innings
T205989,GT Vs KKR,GT,Washington Sundar,3,0,36,1,12.00,2,2,2,1,0,2nd Innings
T205989,GT Vs KKR,GT,Sai Kishore,3,0,19,1,6.33,4,0,0,2,0,2nd Innings
T201225,CSK Vs MI,MI,Deepak Chahar,4,0,32,1,8.00,11,4,0,2,0,1st Innings
T201225,CSK Vs MI,MI,Trent Boult,4,0,43,0,10.75,7,3,2,1,0,1st Innings
T201225,CSK Vs MI,MI,Ashwani Kumar,2,0,42,1,21.00,1,2,5,0,0,1st Innings
T201225,CSK Vs MI,MI,Mitchell Santner,3,0,14,1,4.66,7,0,0,2,0,1st Innings
T201225,CSK Vs MI,MI,Jasprit Bumrah,4,0,25,2,6.25,9,3,0,1,0,1st Innings
T201225,CSK Vs MI,MI,Will Jacks,1,0,4,0,4.00,3,0,0,0,0,1st Innings
T201225,CSK Vs MI,MI,Hardik Pandya,2,0,13,0,6.50,4,0,1,0,0,1st Innings
T201225,CSK Vs MI,CSK,Khaleel Ahmed,2,0,24,0,12.00,6,4,1,0,0,2nd Innings
T201225,CSK Vs MI,CSK,Jamie Overton,2,0,29,0,14.50,4,0,3,5,0,2nd Innings
T201225,CSK Vs MI,CSK,Ravichandran Ashwin,4,0,25,0,6.25,7,1,1,0,0,2nd Innings
T201225,CSK Vs MI,CSK,Ravindra Jadeja,3,0,28,1,9.33,6,2,2,0,0,2nd Innings
T201225,CSK Vs MI,CSK,Noor Ahmad,3,0,36,0,12.00,3,5,1,0,0,2nd Innings
T201225,CSK Vs MI,CSK,Matheesha Pathirana,1.4,0,34,0,20.40,2,1,4,3,0,2nd Innings
T208475,PBKS Vs RCB,RCB,Bhuvneshwar Kumar,4,0,26,0,6.50,9,3,0,1,0,1st Innings
T208475,PBKS Vs RCB,RCB,Yash Dayal,2,0,22,0,11.00,3,2,1,0,0,1st Innings
T208475,PBKS Vs RCB,RCB,Josh Hazlewood,4,0,39,0,9.75,6,3,2,0,0,1st Innings
T208475,PBKS Vs RCB,RCB,Krunal Pandya,4,0,25,2,6.25,10,1,1,1,0,1st Innings
T208475,PBKS Vs RCB,RCB,Romario Shepherd,2,0,18,1,9.00,3,2,0,1,0,1st Innings
T208475,PBKS Vs RCB,RCB,Suyash Sharma,4,0,26,2,6.50,7,1,1,0,0,1st Innings
T208475,PBKS Vs RCB,PBKS,Arshdeep Singh,3,0,26,1,8.66,6,3,0,0,0,2nd Innings
T208475,PBKS Vs RCB,PBKS,Xavier Bartlett,3,0,28,0,9.33,8,2,2,0,0,2nd Innings
T208475,PBKS Vs RCB,PBKS,Harpreet Brar,4,0,27,1,6.75,6,3,0,0,0,2nd Innings
T208475,PBKS Vs RCB,PBKS,Marco Jansen,3,0,20,0,6.66,7,2,0,1,0,2nd Innings
T208475,PBKS Vs RCB,PBKS,Yuzvendra Chahal,4,0,36,1,9.00,5,2,2,0,0,2nd Innings
T208475,PBKS Vs RCB,PBKS,Marcus Stoinis,1,0,13,0,13.00,2,1,1,0,0,2nd Innings
T208475,PBKS Vs RCB,PBKS,Nehal Wadhera,0.5,0,9,0,10.80,1,0,1,0,0,2nd Innings
T206219,LSG Vs RR,RR,Jofra Archer,4,0,32,1,8.00,9,4,0,1,0,1st Innings
T206219,LSG Vs RR,RR,Maheesh Theekshana,4,0,32,0,8.00,7,2,1,1,0,1st Innings
T206219,LSG Vs RR,RR,Sandeep Sharma,4,0,55,1,13.75,6,4,4,0,0,1st Innings
T206219,LSG Vs RR,RR,Tushar Deshpande,4,0,26,1,6.50,8,2,0,3,0,1st Innings
T206219,LSG Vs RR,RR,Wanindu Hasaranga,4,0,31,2,7.75,8,0,3,0,0,1st Innings
T206219,LSG Vs RR,LSG,Shardul Thakur,3,0,34,1,11.33,5,2,3,0,0,2nd Innings
T206219,LSG Vs RR,LSG,Avesh Khan,4,0,37,3,9.25,6,2,2,0,0,2nd Innings
T206219,LSG Vs RR,LSG,Digvesh Rathi,4,0,30,0,7.50,7,2,1,0,0,2nd Innings
T206219,LSG Vs RR,LSG,Aiden Markram,2,0,18,1,9.00,4,0,2,0,0,2nd Innings
T206219,LSG Vs RR,LSG,Prince Yadav,4,0,39,0,9.75,10,4,2,0,0,2nd Innings
T206219,LSG Vs RR,LSG,Ravi Bishnoi,3,0,19,0,6.33,7,2,0,1,0,2nd Innings
T201519,DC Vs GT,GT,Mohammed Siraj,4,0,47,1,11.75,7,4,3,3,0,1st Innings
T201519,DC Vs GT,GT,Arshad Khan,4,0,46,1,11.50,6,5,2,2,0,1st Innings
T201519,DC Vs GT,GT,Prasidh Krishna,4,0,41,4,10.25,8,4,2,2,0,1st Innings
T201519,DC Vs GT,GT,Rashid Khan,4,0,38,0,9.50,3,0,3,0,0,1st Innings
T201519,DC Vs GT,GT,Ishant Sharma,3,0,19,1,6.33,5,1,0,1,0,1st Innings
T201519,DC Vs GT,GT,Sai Kishore,1,0,9,1,9.00,2,1,0,1,0,1st Innings
T201519,DC Vs GT,DC,Mitchell Starc,3.2,0,49,0,14.70,4,9,1,0,0,2nd Innings
T201519,DC Vs GT,DC,Mukesh Kumar,4,0,40,1,10.00,6,4,1,2,1,2nd Innings
T201519,DC Vs GT,DC,Axar Patel,2,0,18,0,9.00,3,1,1,0,0,2nd Innings
T201519,DC Vs GT,DC,Vipraj Nigam,4,0,34,0,8.50,10,1,3,1,0,2nd Innings
T201519,DC Vs GT,DC,Kuldeep Yadav,4,0,30,1,7.50,7,2,1,1,0,2nd Innings
T201519,DC Vs GT,DC,Mohit Sharma,2,0,28,0,14.00,1,2,2,0,0,2nd Innings
T202862,RCB Vs PBKS,PBKS,Arshdeep Singh,3,0,23,2,7.66,8,4,0,0,0,1st Innings
T202862,RCB Vs PBKS,PBKS,Xavier Bartlett,3,0,26,1,8.66,9,3,1,0,0,1st Innings
T202862,RCB Vs PBKS,PBKS,Marco Jansen,3,0,10,2,3.33,11,1,0,0,0,1st Innings
T202862,RCB Vs PBKS,PBKS,Yuzvendra Chahal,3,0,11,2,3.66,7,0,0,0,0,1st Innings
T202862,RCB Vs PBKS,PBKS,Harpreet Brar,2,0,25,2,12.50,8,1,3,0,1,1st Innings
T202862,RCB Vs PBKS,RCB,Bhuvneshwar Kumar,3,0,26,2,8.66,7,3,1,0,0,2nd Innings
T202862,RCB Vs PBKS,RCB,Yash Dayal,2.1,0,18,0,8.30,5,1,1,2,0,2nd Innings
T202862,RCB Vs PBKS,RCB,Josh Hazlewood,3,0,14,3,4.66,10,0,1,0,0,2nd Innings
T202862,RCB Vs PBKS,RCB,Krunal Pandya,1,0,10,0,10.00,2,2,0,0,0,2nd Innings
T202862,RCB Vs PBKS,RCB,Suyash Sharma,3,0,25,0,8.33,9,2,2,0,0,2nd Innings
T201082,SRH Vs MI,MI,Deepak Chahar,4,0,47,0,11.75,9,6,2,2,0,1st Innings
T201082,SRH Vs MI,MI,Trent Boult,4,0,29,1,7.25,6,3,0,2,0,1st Innings
T201082,SRH Vs MI,MI,Jasprit Bumrah,4,0,21,1,5.25,8,1,0,1,0,1st Innings
T201082,SRH Vs MI,MI,Will Jacks,3,0,14,2,4.66,9,1,0,2,0,1st Innings
T201082,SRH Vs MI,MI,Hardik Pandya,4,0,42,1,10.50,6,2,3,1,1,1st Innings
T201082,SRH Vs MI,MI,Mitchell Santner,1,0,8,0,8.00,1,1,0,0,0,1st Innings
T201082,SRH Vs MI,SRH,Mohammed Shami,3,0,28,0,9.33,7,1,2,0,0,2nd Innings
T201082,SRH Vs MI,SRH,Pat Cummins,4,0,26,3,6.50,13,3,1,1,0,2nd Innings
T201082,SRH Vs MI,SRH,Eshan Malinga,4,0,36,2,9.00,7,6,0,1,0,2nd Innings
T201082,SRH Vs MI,SRH,Zeeshan Ansari,3.1,0,35,0,11.05,8,2,3,1,1,2nd Innings
T201082,SRH Vs MI,SRH,Harshal Patel,3,0,31,1,10.33,2,3,1,0,0,2nd Innings
T201082,SRH Vs MI,SRH,Rahul Chahar,1,0,9,0,9.00,2,0,1,0,0,2nd Innings
T205036,DC Vs RR,RR,Jofra Archer,4,0,32,2,8.00,10,5,0,2,0,1st Innings
T205036,DC Vs RR,RR,Tushar Deshpande,3,0,38,0,12.66,2,4,2,0,0,1st Innings
T205036,DC Vs RR,RR,Sandeep Sharma,4,0,33,0,8.25,7,1,1,5,1,1st Innings
T205036,DC Vs RR,RR,Maheesh Theekshana,4,0,40,1,10.00,7,4,2,0,0,1st Innings
T205036,DC Vs RR,RR,Wanindu Hasaranga,4,0,38,1,9.50,7,3,2,0,0,1st Innings
T205036,DC Vs RR,RR,Riyan Parag,1,0,6,0,6.00,1,0,0,0,0,1st Innings
T205036,DC Vs RR,DC,Mitchell Starc,4,0,36,1,9.00,7,3,1,2,0,2nd Innings
T205036,DC Vs RR,DC,Mukesh Kumar,3,0,31,0,10.33,5,1,3,0,0,2nd Innings
T205036,DC Vs RR,DC,Mohit Sharma,4,0,38,0,9.50,5,2,2,1,0,2nd Innings
T205036,DC Vs RR,DC,Vipraj Nigam,1,0,13,0,13.00,3,1,1,0,1,2nd Innings
T205036,DC Vs RR,DC,Axar Patel,3,0,23,1,7.66,9,3,1,0,0,2nd Innings
T205036,DC Vs RR,DC,Kuldeep Yadav,4,0,33,1,8.25,7,2,2,0,0,2nd Innings
T205036,DC Vs RR,DC,Tristan Stubbs,1,0,12,0,12.00,2,1,1,0,0,2nd Innings
T208482,PBKS Vs KKR,KKR,Vaibhav Arora,2.3,0,26,1,10.40,4,3,1,0,0,1st Innings
T208482,PBKS Vs KKR,KKR,Anrich Nortje,3,0,23,1,7.66,10,5,0,0,0,1st Innings
T208482,PBKS Vs KKR,KKR,Harshit Rana,3,0,25,3,8.33,13,1,3,2,0,1st Innings
T208482,PBKS Vs KKR,KKR,Varun Chakravarthy,4,0,21,2,5.25,10,0,1,0,0,1st Innings
T208482,PBKS Vs KKR,KKR,Sunil Narine,3,0,14,2,4.66,9,1,0,1,0,1st Innings
T208482,PBKS Vs KKR,PBKS,Marco Jansen,3.1,0,17,3,5.36,12,3,0,0,0,2nd Innings
T208482,PBKS Vs KKR,PBKS,Xavier Bartlett,3,0,30,1,10.00,8,3,2,0,0,2nd Innings
T208482,PBKS Vs KKR,PBKS,Arshdeep Singh,3,1,11,1,3.66,10,1,0,0,0,2nd Innings
T208482,PBKS Vs KKR,PBKS,Yuzvendra Chahal,4,0,28,4,7.00,14,1,2,1,0,2nd Innings
T208482,PBKS Vs KKR,PBKS,Glenn Maxwell,2,0,5,1,2.50,7,0,0,0,0,2nd Innings
T201652,LSG Vs CSK,CSK,Khaleel Ahmed,4,0,38,1,9.50,12,3,3,0,0,1st Innings
T201652,LSG Vs CSK,CSK,Anshul Kamboj,3,0,20,1,6.66,9,2,1,0,0,1st Innings
T201652,LSG Vs CSK,CSK,Jamie Overton,2,0,24,0,12.00,4,0,3,0,0,1st Innings
T201652,LSG Vs CSK,CSK,Ravindra Jadeja,3,0,24,2,8.00,6,4,0,0,0,1st Innings
T201652,LSG Vs CSK,CSK,Noor Ahmad,4,0,13,0,3.25,13,0,0,1,0,1st Innings
T201652,LSG Vs CSK,CSK,Matheesha Pathirana,4,0,45,2,11.25,10,2,3,6,1,1st Innings
T201652,LSG Vs CSK,LSG,Shardul Thakur,4,0,56,0,14.00,7,8,2,3,1,2nd Innings
T201652,LSG Vs CSK,LSG,Akash Deep,1,0,13,0,13.00,2,3,0,0,0,2nd Innings
T201652,LSG Vs CSK,LSG,Digvesh Rathi,4,0,23,1,5.75,10,2,0,2,0,2nd Innings
T201652,LSG Vs CSK,LSG,Avesh Khan,3.3,0,32,1,9.14,6,5,0,1,0,2nd Innings
T201652,LSG Vs CSK,LSG,Ravi Bishnoi,3,0,18,2,6.00,9,2,0,2,0,2nd Innings
T201652,LSG Vs CSK,LSG,Aiden Markram,4,0,25,1,6.25,6,0,1,0,0,2nd Innings
T207454,MI Vs DC,DC,Mitchell Starc,3,0,43,0,14.33,5,8,1,1,0,1st Innings
T207454,MI Vs DC,DC,Mukesh Kumar,4,0,38,1,9.50,9,3,2,1,0,1st Innings
T207454,MI Vs DC,DC,Vipraj Nigam,4,0,41,2,10.25,10,3,3,1,0,1st Innings
T207454,MI Vs DC,DC,Kuldeep Yadav,4,0,23,2,5.75,11,3,0,0,0,1st Innings
T207454,MI Vs DC,DC,Axar Patel,2,0,19,0,9.50,4,2,1,0,0,1st Innings
T207454,MI Vs DC,DC,Mohit Sharma,3,0,40,0,13.33,3,2,3,1,0,1st Innings
T207454,MI Vs DC,MI,Deepak Chahar,3,0,24,1,8.00,6,4,0,0,0,2nd Innings
T207454,MI Vs DC,MI,Trent Boult,2,0,21,0,10.50,5,3,0,1,0,2nd Innings
T207454,MI Vs DC,MI,Jasprit Bumrah,4,0,44,1,11.00,10,6,2,0,0,2nd Innings
T207454,MI Vs DC,MI,Mitchell Santner,4,0,43,2,10.75,3,4,1,3,0,2nd Innings
T207454,MI Vs DC,MI,Hardik Pandya,2,0,21,0,10.50,4,1,2,0,0,2nd Innings
T207454,MI Vs DC,MI,Karn Sharma,4,0,36,3,9.00,8,3,2,1,0,2nd Innings
T201189,RR Vs RCB,RCB,Bhuvneshwar Kumar,4,0,32,1,8.00,8,5,0,1,0,1st Innings
T201189,RR Vs RCB,RCB,Yash Dayal,4,0,36,1,9.00,9,3,2,0,0,1st Innings
T201189,RR Vs RCB,RCB,Josh Hazlewood,3,0,26,1,8.66,7,3,1,0,0,1st Innings
T201189,RR Vs RCB,RCB,Krunal Pandya,4,0,29,1,7.25,6,2,1,0,0,1st Innings
T201189,RR Vs RCB,RCB,Liam Livingstone,1,0,8,0,8.00,1,1,0,0,0,1st Innings
T201189,RR Vs RCB,RCB,Suyash Sharma,4,0,39,0,9.75,5,4,1,1,0,1st Innings
T201189,RR Vs RCB,RR,Jofra Archer,4,0,36,0,9.00,11,3,2,2,1,2nd Innings
T201189,RR Vs RCB,RR,Tushar Deshpande,2,0,21,0,10.50,3,2,1,0,0,2nd Innings
T201189,RR Vs RCB,RR,Sandeep Sharma,2.3,0,29,0,11.60,3,3,1,1,0,2nd Innings
T201189,RR Vs RCB,RR,Maheesh Theekshana,2,0,21,0,10.50,2,2,1,0,0,2nd Innings
T201189,RR Vs RCB,RR,Kumar Kartikeya,3,0,25,1,8.33,6,0,2,1,0,2nd Innings
T201189,RR Vs RCB,RR,Wanindu Hasaranga,3,0,33,0,11.00,5,3,2,0,0,2nd Innings
T201189,RR Vs RCB,RR,Riyan Parag,1,0,10,0,10.00,1,1,0,1,0,2nd Innings
T209279,PBKS Vs SRH,SRH,Mohammed Shami,4,0,75,0,18.75,3,6,7,0,0,1st Innings
T209279,PBKS Vs SRH,SRH,Pat Cummins,4,0,40,0,10.00,9,4,2,2,0,1st Innings
T209279,PBKS Vs SRH,SRH,Harshal Patel,4,0,42,4,10.50,7,2,2,2,0,1st Innings
T209279,PBKS Vs SRH,SRH,Eshan Malinga,4,0,45,2,11.25,6,5,2,2,0,1st Innings
T209279,PBKS Vs SRH,SRH,Zeeshan Ansari,4,0,41,0,10.25,4,1,3,2,0,1st Innings
T209279,PBKS Vs SRH,PBKS,Arshdeep Singh,4,0,37,1,9.25,11,6,1,1,0,2nd Innings
T209279,PBKS Vs SRH,PBKS,Marco Jansen,2,0,39,0,19.50,2,6,2,0,0,2nd Innings
T209279,PBKS Vs SRH,PBKS,Yash Thakur,2.3,0,40,0,16.00,3,3,3,2,1,2nd Innings
T209279,PBKS Vs SRH,PBKS,Glenn Maxwell,3,0,40,0,13.33,3,2,3,3,0,2nd Innings
T209279,PBKS Vs SRH,PBKS,Lockie Ferguson,0.2,0,1,0,3.00,1,0,0,0,0,2nd Innings
T209279,PBKS Vs SRH,PBKS,Marcus Stoinis,0.4,0,6,0,9.00,2,1,0,1,0,2nd Innings
T209279,PBKS Vs SRH,PBKS,Yuzvendra Chahal,4,0,56,1,14.00,3,4,4,1,0,2nd Innings
T209279,PBKS Vs SRH,PBKS,Shashank Singh,2,0,27,0,13.50,3,4,1,0,0,2nd Innings
T205772,GT Vs LSG,LSG,Shardul Thakur,4,0,34,2,8.50,9,3,1,3,0,1st Innings
T205772,GT Vs LSG,LSG,Akash Deep,3,0,33,0,11.00,4,5,0,1,0,1st Innings
T205772,GT Vs LSG,LSG,Digvesh Rathi,4,0,30,1,7.50,5,3,0,0,0,1st Innings
T205772,GT Vs LSG,LSG,Avesh Khan,4,0,32,1,8.00,6,3,1,0,0,1st Innings
T205772,GT Vs LSG,LSG,Ravi Bishnoi,4,0,36,2,9.00,6,3,0,4,0,1st Innings
T205772,GT Vs LSG,LSG,Aiden Markram,1,0,15,0,15.00,0,1,1,1,0,1st Innings
T205772,GT Vs LSG,GT,Mohammed Siraj,4,0,50,0,12.50,5,6,1,1,0,2nd Innings
T205772,GT Vs LSG,GT,Arshad Khan,2,0,11,0,5.50,7,2,0,0,0,2nd Innings
T205772,GT Vs LSG,GT,Prasidh Krishna,4,0,26,2,6.50,11,2,1,1,0,2nd Innings
T205772,GT Vs LSG,GT,Rashid Khan,4,0,35,1,8.75,7,3,1,1,0,2nd Innings
T205772,GT Vs LSG,GT,Washington Sundar,4,0,28,1,7.00,10,1,2,0,0,2nd Innings
T205772,GT Vs LSG,GT,Sai Kishore,1.3,0,35,0,23.33,0,2,4,0,0,2nd Innings
T202770,CSK Vs KKR,KKR,Vaibhav Arora,4,0,31,1,7.75,10,4,0,2,0,1st Innings
T202770,CSK Vs KKR,KKR,Moeen Ali,4,1,20,1,5.00,11,0,1,1,0,1st Innings
T202770,CSK Vs KKR,KKR,Harshit Rana,4,0,16,2,4.00,17,2,0,1,0,1st Innings
T202770,CSK Vs KKR,KKR,Varun Chakravarthy,4,0,22,2,5.50,11,2,0,0,0,1st Innings
T202770,CSK Vs KKR,KKR,Sunil Narine,4,0,13,3,3.25,12,0,0,0,0,1st Innings
T202770,CSK Vs KKR,CSK,Khaleel Ahmed,3,0,40,0,13.33,8,1,5,2,0,2nd Innings
T202770,CSK Vs KKR,CSK,Anshul Kamboj,2,0,19,1,9.50,4,1,1,0,1,2nd Innings
T202770,CSK Vs KKR,CSK,Ravichandran Ashwin,3,0,30,0,10.00,7,1,3,0,0,2nd Innings
T202770,CSK Vs KKR,CSK,Noor Ahmad,2,0,8,1,4.00,7,1,0,0,0,2nd Innings
T202770,CSK Vs KKR,CSK,Ravindra Jadeja,0.1,0,9,0,54.00,0,0,1,0,1,2nd Innings
T201710,RCB Vs DC,DC,Mitchell Starc,3,0,35,0,11.66,9,3,2,1,1,1st Innings
T201710,RCB Vs DC,DC,Axar Patel,4,0,52,0,13.00,8,3,5,1,0,1st Innings
T201710,RCB Vs DC,DC,Vipraj Nigam,4,0,18,2,4.50,12,0,1,0,0,1st Innings
T201710,RCB Vs DC,DC,Mukesh Kumar,3,1,26,1,8.66,10,1,2,3,0,1st Innings
T201710,RCB Vs DC,DC,Kuldeep Yadav,4,0,17,2,4.25,11,1,0,0,0,1st Innings
T201710,RCB Vs DC,DC,Mohit Sharma,2,0,10,1,5.00,5,1,0,0,0,1st Innings
T201710,RCB Vs DC,RCB,Bhuvneshwar Kumar,4,0,26,2,6.50,12,4,0,1,0,2nd Innings
T201710,RCB Vs DC,RCB,Yash Dayal,3.5,0,45,1,11.73,5,3,2,2,0,2nd Innings
T201710,RCB Vs DC,RCB,Josh Hazlewood,3,0,40,0,13.33,2,4,2,0,0,2nd Innings
T201710,RCB Vs DC,RCB,Suyash Sharma,4,0,25,1,6.25,12,2,1,0,0,2nd Innings
T201710,RCB Vs DC,RCB,Krunal Pandya,2,0,19,0,9.50,1,1,1,0,0,2nd Innings
T201710,RCB Vs DC,RCB,Liam Livingstone,1,0,14,0,14.00,0,1,1,0,0,2nd Innings
T205359,GT Vs RR,RR,Jofra Archer,4,0,30,1,7.50,10,2,1,2,0,1st Innings
T205359,GT Vs RR,RR,Fazalhaq Farooqi,4,0,38,0,9.50,8,5,1,0,0,1st Innings
T205359,GT Vs RR,RR,Tushar Deshpande,4,0,53,2,13.25,7,4,3,7,0,1st Innings
T205359,GT Vs RR,RR,Sandeep Sharma,4,0,41,1,10.25,6,3,2,3,0,1st Innings
T205359,GT Vs RR,RR,Maheesh Theekshana,4,0,54,2,13.50,5,6,2,3,0,1st Innings
T205359,GT Vs RR,GT,Mohammed Siraj,4,0,30,1,7.50,15,2,2,4,0,2nd Innings
T205359,GT Vs RR,GT,Arshad Khan,2,0,19,1,9.50,5,2,1,1,0,2nd Innings
T205359,GT Vs RR,GT,Prasidh Krishna,4,0,24,3,6.00,12,2,1,0,0,2nd Innings
T205359,GT Vs RR,GT,Kulwant Khejroliya,3,0,29,1,9.66,4,3,1,1,0,2nd Innings
T205359,GT Vs RR,GT,Rashid Khan,4,0,37,2,9.25,6,2,2,2,0,2nd Innings
T205359,GT Vs RR,GT,Sai Kishore,2.2,0,20,2,8.57,3,0,1,1,0,2nd Innings
T206346,PBKS Vs CSK,CSK,Khaleel Ahmed,4,0,45,2,11.25,9,3,3,0,1,1st Innings
T206346,PBKS Vs CSK,CSK,Mukesh Choudhary,2,0,21,1,10.50,5,3,1,0,0,1st Innings
T206346,PBKS Vs CSK,CSK,Ravichandran Ashwin,4,0,48,2,12.00,7,1,5,1,0,1st Innings
T206346,PBKS Vs CSK,CSK,Ravindra Jadeja,3,0,18,0,6.00,7,1,0,0,1,1st Innings
T206346,PBKS Vs CSK,CSK,Noor Ahmad,3,0,32,1,10.66,4,2,2,0,0,1st Innings
T206346,PBKS Vs CSK,CSK,Matheesha Pathirana,4,0,52,0,13.00,4,1,5,1,0,1st Innings
T206346,PBKS Vs CSK,PBKS,Arshdeep Singh,4,0,39,0,9.75,6,5,1,1,0,2nd Innings
T206346,PBKS Vs CSK,PBKS,Yash Thakur,4,0,39,1,9.75,8,5,1,1,0,2nd Innings
T206346,PBKS Vs CSK,PBKS,Glenn Maxwell,2,0,11,1,5.50,4,1,0,0,0,2nd Innings
T206346,PBKS Vs CSK,PBKS,Marco Jansen,4,0,48,0,12.00,4,4,2,0,1,2nd Innings
T206346,PBKS Vs CSK,PBKS,Lockie Ferguson,4,0,40,2,10.00,10,1,3,5,0,2nd Innings
T206346,PBKS Vs CSK,PBKS,Marcus Stoinis,1,0,10,0,10.00,2,0,1,1,0,2nd Innings
T206346,PBKS Vs CSK,PBKS,Yuzvendra Chahal,1,0,9,0,9.00,0,0,0,0,0,2nd Innings
T202552,LSG Vs KKR,KKR,Vaibhav Arora,4,0,35,0,8.75,9,2,1,4,0,1st Innings
T202552,LSG Vs KKR,KKR,Spencer Johnson,3,0,46,0,15.33,3,6,2,2,0,1st Innings
T202552,LSG Vs KKR,KKR,Varun Chakravarthy,4,0,31,0,7.75,9,1,2,1,0,1st Innings
T202552,LSG Vs KKR,KKR,Harshit Rana,4,0,51,2,12.75,5,4,4,0,0,1st Innings
T202552,LSG Vs KKR,KKR,Sunil Narine,3,0,38,0,12.66,6,2,3,1,0,1st Innings
T202552,LSG Vs KKR,KKR,Andre Russell,2,0,32,1,16.00,4,3,3,0,0,1st Innings
T202552,LSG Vs KKR,LSG,Akash Deep,4,0,55,2,13.75,9,6,3,3,0,2nd Innings
T202552,LSG Vs KKR,LSG,Shardul Thakur,4,0,52,2,13.00,9,6,2,8,0,2nd Innings
T202552,LSG Vs KKR,LSG,Avesh Khan,4,0,45,1,11.25,10,5,3,0,0,2nd Innings
T202552,LSG Vs KKR,LSG,Digvesh Rathi,4,0,33,1,8.25,8,4,0,2,0,2nd Innings
T202552,LSG Vs KKR,LSG,Ravi Bishnoi,4,0,47,1,11.75,8,6,2,3,0,2nd Innings
T206019,RCB Vs MI,MI,Trent Boult,4,0,57,2,14.25,8,6,4,2,0,1st Innings
T206019,RCB Vs MI,MI,Deepak Chahar,2,0,29,0,14.50,2,2,2,1,0,1st Innings
T206019,RCB Vs MI,MI,Jasprit Bumrah,4,0,29,0,7.25,5,0,2,0,0,1st Innings
T206019,RCB Vs MI,MI,Will Jacks,1,0,10,0,10.00,2,2,0,0,0,1st Innings
T206019,RCB Vs MI,MI,Mitchell Santner,4,0,40,0,10.00,6,3,2,1,0,1st Innings
T206019,RCB Vs MI,MI,Hardik Pandya,4,0,45,2,11.25,8,5,2,3,0,1st Innings
T206019,RCB Vs MI,MI,Vignesh Puthur,1,0,10,1,10.00,1,0,1,0,0,1st Innings
T206019,RCB Vs MI,RCB,Bhuvneshwar Kumar,4,0,48,1,12.00,9,5,3,1,0,2nd Innings
T206019,RCB Vs MI,RCB,Yash Dayal,4,0,46,2,11.50,8,4,3,0,0,2nd Innings
T206019,RCB Vs MI,RCB,Josh Hazlewood,4,0,37,2,9.25,12,3,3,1,0,2nd Innings
T206019,RCB Vs MI,RCB,Suyash Sharma,4,0,32,0,8.00,11,4,1,1,0,2nd Innings
T206019,RCB Vs MI,RCB,Krunal Pandya,4,0,45,4,11.25,8,5,2,3,0,2nd Innings
T209055,SRH Vs GT,GT,Mohammed Siraj,4,0,17,4,4.25,17,3,0,0,0,1st Innings
T209055,SRH Vs GT,GT,Ishant Sharma,4,0,53,0,13.25,5,9,1,0,0,1st Innings
T209055,SRH Vs GT,GT,Prasidh Krishna,4,0,25,2,6.25,9,2,0,2,0,1st Innings
T209055,SRH Vs GT,GT,Rashid Khan,4,0,31,0,7.75,9,3,1,0,0,1st Innings
T209055,SRH Vs GT,GT,Sai Kishore,4,0,24,2,6.00,7,2,0,0,0,1st Innings
T209055,SRH Vs GT,SRH,Mohammed Shami,4,0,28,2,7.00,10,4,0,2,0,2nd Innings
T209055,SRH Vs GT,SRH,Pat Cummins,3.4,0,26,1,7.09,8,2,1,0,0,2nd Innings
T209055,SRH Vs GT,SRH,Simarjeet Singh,1,0,20,0,20.00,2,2,2,0,0,2nd Innings
T209055,SRH Vs GT,SRH,Jaydev Unadkat,2,0,16,0,8.00,2,2,0,0,0,2nd Innings
T209055,SRH Vs GT,SRH,Zeeshan Ansari,4,0,33,0,8.25,4,4,0,0,0,2nd Innings
T209055,SRH Vs GT,SRH,Kamindu Mendis,1,0,12,0,12.00,1,2,0,0,0,2nd Innings
T209055,SRH Vs GT,SRH,Abhishek Sharma,1,0,18,0,18.00,1,4,0,1,0,2nd Innings
T209511,RR Vs PBKS,PBKS,Arshdeep Singh,4,0,35,1,8.75,10,5,0,1,0,1st Innings
T209511,RR Vs PBKS,PBKS,Marco Jansen,4,0,45,1,11.25,7,2,4,1,0,1st Innings
T209511,RR Vs PBKS,PBKS,Lockie Ferguson,4,0,37,2,9.25,10,3,2,2,0,1st Innings
T209511,RR Vs PBKS,PBKS,Glenn Maxwell,1,0,6,0,6.00,3,1,0,0,0,1st Innings
T209511,RR Vs PBKS,PBKS,Yuzvendra Chahal,3,0,32,0,10.66,2,2,1,1,0,1st Innings
T209511,RR Vs PBKS,PBKS,Marcus Stoinis,4,0,48,0,12.00,4,4,3,0,0,1st Innings
T209511,RR Vs PBKS,RR,Jofra Archer,4,0,25,3,6.25,14,4,0,1,0,2nd Innings
T209511,RR Vs PBKS,RR,Yudhvir Singh,2,0,20,0,10.00,5,3,0,3,0,2nd Innings
T209511,RR Vs PBKS,RR,Sandeep Sharma,4,0,21,2,5.25,8,1,0,1,0,2nd Innings
T209511,RR Vs PBKS,RR,Maheesh Theekshana,4,0,26,2,6.50,9,2,0,3,0,2nd Innings
T209511,RR Vs PBKS,RR,Kumar Kartikeya,2,0,21,1,10.50,4,1,2,0,0,2nd Innings
T209511,RR Vs PBKS,RR,Wanindu Hasaranga,4,0,36,1,9.00,4,1,2,0,0,2nd Innings
T209585,DC Vs CSK,CSK,Khaleel Ahmed,4,0,25,2,6.25,9,1,1,0,0,1st Innings
T209585,DC Vs CSK,CSK,Mukesh Choudhary,4,0,50,0,12.50,6,7,2,0,0,1st Innings
T209585,DC Vs CSK,CSK,Ravichandran Ashwin,3,0,21,0,7.00,4,2,0,0,0,1st Innings
T209585,DC Vs CSK,CSK,Ravindra Jadeja,2,0,19,1,9.50,4,0,2,1,0,1st Innings
T209585,DC Vs CSK,CSK,Noor Ahmad,3,0,36,1,12.00,2,3,2,0,0,1st Innings
T209585,DC Vs CSK,CSK,Matheesha Pathirana,4,0,31,1,7.75,5,2,0,2,0,1st Innings
T209585,DC Vs CSK,DC,Mitchell Starc,4,0,27,1,6.75,12,2,0,2,1,2nd Innings
T209585,DC Vs CSK,DC,Mukesh Kumar,4,0,36,1,9.00,5,1,2,1,0,2nd Innings
T209585,DC Vs CSK,DC,Mohit Sharma,3,0,27,0,9.00,3,2,0,3,1,2nd Innings
T209585,DC Vs CSK,DC,Vipraj Nigam,4,0,27,2,6.75,9,2,1,0,0,2nd Innings
T209585,DC Vs CSK,DC,Kuldeep Yadav,4,0,30,1,7.50,4,2,0,0,0,2nd Innings
T209585,DC Vs CSK,DC,Axar Patel,1,0,5,0,5.00,1,0,0,0,0,2nd Innings
T204907,LSG Vs MI,MI,Trent Boult,3,0,28,1,9.33,8,4,1,0,0,1st Innings
T204907,LSG Vs MI,MI,Deepak Chahar,2,0,23,0,11.50,2,3,0,1,0,1st Innings
T204907,LSG Vs MI,MI,Ashwani Kumar,3,0,39,1,13.00,5,4,2,2,0,1st Innings
T204907,LSG Vs MI,MI,Mitchell Santner,4,0,46,0,11.50,5,7,1,0,0,1st Innings
T204907,LSG Vs MI,MI,Vignesh Puthur,4,0,31,1,7.75,8,1,2,1,0,1st Innings
T204907,LSG Vs MI,MI,Hardik Pandya,4,0,36,5,9.00,10,2,2,4,0,1st Innings
T204907,LSG Vs MI,LSG,Shardul Thakur,4,0,40,1,10.00,3,3,1,2,0,2nd Innings
T204907,LSG Vs MI,LSG,Akash Deep,4,0,46,1,11.50,7,5,2,1,0,2nd Innings
T204907,LSG Vs MI,LSG,Avesh Khan,4,0,40,1,10.00,8,4,2,1,0,2nd Innings
T204907,LSG Vs MI,LSG,Digvesh Rathi,4,0,21,1,5.25,8,1,0,0,0,2nd Innings
T204907,LSG Vs MI,LSG,Ravi Bishnoi,4,0,40,0,10.00,4,6,0,0,0,2nd Innings
T205793,KKR Vs SRH,SRH,Mohammed Shami,4,0,29,1,7.25,11,3,1,1,0,1st Innings
T205793,KKR Vs SRH,SRH,Pat Cummins,4,0,44,1,11.00,11,3,4,0,0,1st Innings
T205793,KKR Vs SRH,SRH,Simarjeet Singh,4,0,47,0,11.75,7,3,4,0,0,1st Innings
T205793,KKR Vs SRH,SRH,Zeeshan Ansari,3,0,25,1,8.33,6,2,1,0,0,1st Innings
T205793,KKR Vs SRH,SRH,Harshal Patel,4,0,43,1,10.75,6,6,1,2,0,1st Innings
T205793,KKR Vs SRH,SRH,Kamindu Mendis,1,0,4,1,4.00,2,0,0,0,0,1st Innings
T205793,KKR Vs SRH,KKR,Vaibhav Arora,4,1,29,3,7.25,12,4,1,0,0,2nd Innings
T205793,KKR Vs SRH,KKR,Harshit Rana,3,0,15,1,5.00,9,1,0,1,0,2nd Innings
T205793,KKR Vs SRH,KKR,Varun Chakravarthy,4,0,22,3,5.50,11,2,0,2,0,2nd Innings
T205793,KKR Vs SRH,KKR,Andre Russell,1.4,0,21,2,12.60,3,1,2,1,0,2nd Innings
T205793,KKR Vs SRH,KKR,Sunil Narine,4,0,30,1,7.50,9,1,2,1,0,2nd Innings
T202765,RCB Vs GT,GT,Mohammed Siraj,4,0,19,3,4.75,14,1,1,1,0,1st Innings
T202765,RCB Vs GT,GT,Arshad Khan,2,0,17,1,8.50,6,3,0,1,0,1st Innings
T202765,RCB Vs GT,GT,Prasidh Krishna,4,0,26,1,6.50,13,3,1,0,0,1st Innings
T202765,RCB Vs GT,GT,Ishant Sharma,2,0,27,1,13.50,4,4,1,0,0,1st Innings
T202765,RCB Vs GT,GT,Sai Kishore,4,0,22,2,5.50,11,1,1,1,0,1st Innings
T202765,RCB Vs GT,GT,Rashid Khan,4,0,54,0,13.50,6,3,5,0,0,1st Innings
T202765,RCB Vs GT,RCB,Bhuvneshwar Kumar,4,0,23,1,5.75,12,0,2,0,0,2nd Innings
T202765,RCB Vs GT,RCB,Josh Hazlewood,3.5,0,43,1,11.21,10,3,4,1,0,2nd Innings
T202765,RCB Vs GT,RCB,Yash Dayal,3,0,20,0,6.66,7,3,0,0,0,2nd Innings
T202765,RCB Vs GT,RCB,Rasikh Salam,3,0,35,0,11.66,5,4,2,0,0,2nd Innings
T202765,RCB Vs GT,RCB,Krunal Pandya,3,0,34,0,11.33,3,3,2,0,0,2nd Innings
T202765,RCB Vs GT,RCB,Liam Livingstone,1,0,12,0,12.00,2,1,1,0,0,2nd Innings
T208568,LSG Vs PBKS,PBKS,Arshdeep Singh,4,0,43,3,10.75,8,6,1,2,0,1st Innings
T208568,LSG Vs PBKS,PBKS,Lockie Ferguson,3,0,26,1,8.66,7,1,2,1,0,1st Innings
T208568,LSG Vs PBKS,PBKS,Glenn Maxwell,3,0,22,1,7.33,8,4,0,0,0,1st Innings
T208568,LSG Vs PBKS,PBKS,Marco Jansen,4,0,28,1,7.00,9,0,2,1,0,1st Innings
T208568,LSG Vs PBKS,PBKS,Marcus Stoinis,2,0,15,0,7.50,5,1,1,0,0,1st Innings
T208568,LSG Vs PBKS,PBKS,Yuzvendra Chahal,4,0,36,1,9.00,8,3,2,0,0,1st Innings
T208568,LSG Vs PBKS,LSG,Shardul Thakur,3,0,39,0,13.00,6,2,4,1,0,2nd Innings
T208568,LSG Vs PBKS,LSG,Avesh Khan,3,0,30,0,10.00,5,2,2,1,0,2nd Innings
T208568,LSG Vs PBKS,LSG,Digvesh Rathi,4,0,30,2,7.50,10,5,0,0,0,2nd Innings
T208568,LSG Vs PBKS,LSG,Ravi Bishnoi,3,0,43,0,14.33,6,5,3,0,0,2nd Innings
T208568,LSG Vs PBKS,LSG,Manimaran Siddharth,3,0,28,0,9.33,3,2,1,1,0,2nd Innings
T208568,LSG Vs PBKS,LSG,Abdul Samad,0.2,0,6,0,18.00,1,0,1,0,0,2nd Innings
T201098,KKR Vs MI,MI,Trent Boult,4,0,23,1,5.75,14,0,2,0,0,1st Innings
T201098,KKR Vs MI,MI,Deepak Chahar,2,0,19,2,9.50,6,4,0,1,0,1st Innings
T201098,KKR Vs MI,MI,Ashwani Kumar,3,0,24,4,8.00,10,3,1,1,1,1st Innings
T201098,KKR Vs MI,MI,Hardik Pandya,2,0,10,1,5.00,6,1,0,0,0,1st Innings
T201098,KKR Vs MI,MI,Vignesh Puthur,2,0,21,1,10.50,4,1,2,0,0,1st Innings
T201098,KKR Vs MI,MI,Mitchell Santner,3.2,0,17,1,5.10,12,0,1,1,0,1st Innings
T201098,KKR Vs MI,KKR,Spencer Johnson,2,0,14,0,7.00,7,1,1,0,0,2nd Innings
T201098,KKR Vs MI,KKR,Harshit Rana,2,0,28,0,14.00,5,2,2,1,1,2nd Innings
T201098,KKR Vs MI,KKR,Varun Chakravarthy,3,0,12,0,4.00,9,1,0,0,0,2nd Innings
T201098,KKR Vs MI,KKR,Andre Russell,2.5,0,35,2,12.35,4,2,3,0,1,2nd Innings
T201098,KKR Vs MI,KKR,Sunil Narine,3,0,32,0,10.66,5,1,3,0,0,2nd Innings
T203160,RR Vs CSK,CSK,Khaleel Ahmed,4,0,38,2,9.50,12,5,2,1,0,1st Innings
T203160,RR Vs CSK,CSK,Jamie Overton,2,0,30,0,15.00,2,3,2,0,0,1st Innings
T203160,RR Vs CSK,CSK,Ravichandran Ashwin,4,0,46,1,11.50,6,4,3,1,0,1st Innings
T203160,RR Vs CSK,CSK,Noor Ahmad,4,0,28,2,7.00,9,2,1,1,0,1st Innings
T203160,RR Vs CSK,CSK,Matheesha Pathirana,4,0,28,2,7.00,11,1,1,4,0,1st Innings
T203160,RR Vs CSK,CSK,Ravindra Jadeja,2,0,10,1,5.00,3,0,0,0,0,1st Innings
T203160,RR Vs CSK,RR,Jofra Archer,3,1,13,1,4.33,13,1,1,0,0,2nd Innings
T203160,RR Vs CSK,RR,Tushar Deshpande,4,0,45,0,11.25,8,4,2,2,0,2nd Innings
T203160,RR Vs CSK,RR,Sandeep Sharma,4,0,42,1,10.50,2,4,1,1,0,2nd Innings
T203160,RR Vs CSK,RR,Maheesh Theekshana,4,0,30,0,7.50,4,2,0,0,0,2nd Innings
T203160,RR Vs CSK,RR,Wanindu Hasaranga,4,0,35,4,8.75,12,1,4,0,0,2nd Innings
T203160,RR Vs CSK,RR,Kumar Kartikeya,1,0,10,0,10.00,2,2,0,0,0,2nd Innings
T205261,SRH Vs DC,DC,Mitchell Starc,3.4,0,35,5,9.54,12,4,1,1,1,1st Innings
T205261,SRH Vs DC,DC,Mukesh Kumar,2,0,17,0,8.50,3,2,0,2,0,1st Innings
T205261,SRH Vs DC,DC,Axar Patel,4,0,43,0,10.75,7,2,4,0,0,1st Innings
T205261,SRH Vs DC,DC,Vipraj Nigam,2,0,21,0,10.50,2,1,1,1,1,1st Innings
T205261,SRH Vs DC,DC,Mohit Sharma,3,0,25,1,8.33,4,3,0,1,0,1st Innings
T205261,SRH Vs DC,DC,Kuldeep Yadav,4,0,22,3,5.50,13,0,2,0,0,1st Innings
T205261,SRH Vs DC,SRH,Mohammed Shami,3,0,31,0,10.33,7,3,2,1,0,2nd Innings
T205261,SRH Vs DC,SRH,Abhishek Sharma,3,0,27,0,9.00,4,1,2,0,0,2nd Innings
T205261,SRH Vs DC,SRH,Pat Cummins,2,0,27,0,13.50,2,3,1,0,0,2nd Innings
T205261,SRH Vs DC,SRH,Harshal Patel,3,0,17,0,5.66,7,1,0,1,0,2nd Innings
T205261,SRH Vs DC,SRH,Zeeshan Ansari,4,0,42,3,10.50,5,4,2,0,0,2nd Innings
T205261,SRH Vs DC,SRH,Wiaan Mulder,1,0,16,0,16.00,1,2,1,0,0,2nd Innings
T205992,GT Vs MI,MI,Trent Boult,4,0,34,1,8.50,6,3,1,0,0,1st Innings
T205992,GT Vs MI,MI,Deepak Chahar,4,0,39,1,9.75,9,2,2,2,0,1st Innings
T205992,GT Vs MI,MI,Mujeeb Ur Rahman,2,0,28,1,14.00,4,3,1,1,0,1st Innings
T205992,GT Vs MI,MI,Hardik Pandya,4,0,29,2,7.25,8,1,1,3,0,1st Innings
T205992,GT Vs MI,MI,Mitchell Santner,3,0,25,0,8.33,5,2,1,0,0,1st Innings
T205992,GT Vs MI,MI,Satyanarayana Raju,3,0,40,1,13.33,4,2,3,4,0,1st Innings
T205992,GT Vs MI,GT,Mohammed Siraj,4,0,34,2,8.50,12,3,2,2,0,2nd Innings
T205992,GT Vs MI,GT,Kagiso Rabada,4,0,42,1,10.50,6,4,2,1,0,2nd Innings
T205992,GT Vs MI,GT,Ishant Sharma,2,0,17,0,8.50,5,1,1,2,0,2nd Innings
T205992,GT Vs MI,GT,Rashid Khan,2,0,10,0,5.00,4,0,0,1,0,2nd Innings
T205992,GT Vs MI,GT,Sai Kishore,4,0,37,1,9.25,6,2,2,1,0,2nd Innings
T205992,GT Vs MI,GT,Prasidh Krishna,4,0,18,2,4.50,14,2,0,0,0,2nd Innings
T203789,RCB Vs CSK,CSK,Khaleel Ahmed,4,0,28,1,7.00,13,5,0,0,0,1st Innings
T203789,RCB Vs CSK,CSK,Ravichandran Ashwin,2,0,22,1,11.00,3,2,1,1,0,1st Innings
T203789,RCB Vs CSK,CSK,Sam Curran,3,0,34,0,11.33,8,0,4,2,0,1st Innings
T203789,RCB Vs CSK,CSK,Noor Ahmad,4,0,36,3,9.00,7,1,3,1,0,1st Innings
T203789,RCB Vs CSK,CSK,Ravindra Jadeja,3,0,37,0,12.33,5,4,2,1,0,1st Innings
T203789,RCB Vs CSK,CSK,Matheesha Pathirana,4,0,36,2,9.00,10,3,2,3,0,1st Innings
T203789,RCB Vs CSK,RCB,Bhuvneshwar Kumar,3,0,20,1,6.66,9,3,0,1,0,2nd Innings
T203789,RCB Vs CSK,RCB,Josh Hazlewood,4,0,21,3,5.25,15,4,0,0,0,2nd Innings
T203789,RCB Vs CSK,RCB,Yash Dayal,3,0,18,2,6.00,6,2,0,0,0,2nd Innings
T203789,RCB Vs CSK,RCB,Liam Livingstone,4,0,28,2,7.00,5,2,0,0,0,2nd Innings
T203789,RCB Vs CSK,RCB,Suyash Sharma,4,0,32,0,8.00,10,2,2,1,0,2nd Innings
T203789,RCB Vs CSK,RCB,Krunal Pandya,2,0,26,0,13.00,4,2,2,0,0,2nd Innings
T205612,SRH Vs LSG,LSG,Shardul Thakur,4,0,34,4,8.50,11,3,2,2,0,1st Innings
T205612,SRH Vs LSG,LSG,Avesh Khan,4,0,45,1,11.25,5,3,3,0,0,1st Innings
T205612,SRH Vs LSG,LSG,Digvesh Rathi,4,0,40,1,10.00,8,1,3,0,1,1st Innings
T205612,SRH Vs LSG,LSG,Ravi Bishnoi,4,0,42,1,10.50,8,1,4,0,0,1st Innings
T205612,SRH Vs LSG,LSG,Prince Yadav,4,0,29,1,7.25,7,2,0,4,0,1st Innings
T205612,SRH Vs LSG,SRH,Abhishek Sharma,2,0,20,0,10.00,5,1,2,0,0,2nd Innings
T205612,SRH Vs LSG,SRH,Mohammed Shami,3,0,37,1,12.33,5,3,2,1,0,2nd Innings
T205612,SRH Vs LSG,SRH,Simarjeet Singh,2,0,28,0,14.00,5,2,3,0,0,2nd Innings
T205612,SRH Vs LSG,SRH,Pat Cummins,3,0,29,2,9.66,9,5,0,3,0,2nd Innings
T205612,SRH Vs LSG,SRH,Adam Zampa,4,0,46,1,11.50,3,3,3,1,0,2nd Innings
T205612,SRH Vs LSG,SRH,Harshal Patel,2,0,28,1,14.00,2,3,1,4,0,2nd Innings
T205612,SRH Vs LSG,SRH,Ishan Kishan,0.1,0,4,0,24.00,0,1,0,0,0,2nd Innings
T204767,RR Vs KKR,KKR,Spencer Johnson,4,0,42,1,10.50,9,4,2,3,0,1st Innings
T204767,RR Vs KKR,KKR,Vaibhav Arora,4,0,33,2,8.25,9,2,2,1,0,1st Innings
T204767,RR Vs KKR,KKR,Harshit Rana,4,0,36,2,9.00,11,4,2,0,0,1st Innings
T204767,RR Vs KKR,KKR,Moeen Ali,4,0,23,2,5.75,5,1,0,0,0,1st Innings
T204767,RR Vs KKR,KKR,Varun Chakravarthy,4,0,17,2,4.25,13,0,1,0,0,1st Innings
T204767,RR Vs KKR,RR,Jofra Archer,2.3,0,33,0,13.20,7,2,3,4,0,2nd Innings
T204767,RR Vs KKR,RR,Maheesh Theekshana,4,0,32,0,8.00,11,1,2,1,0,2nd Innings
T204767,RR Vs KKR,RR,Riyan Parag,4,0,25,0,6.25,7,1,1,0,0,2nd Innings
T204767,RR Vs KKR,RR,Sandeep Sharma,2,0,11,0,5.50,4,1,0,0,0,2nd Innings
T204767,RR Vs KKR,RR,Wanindu Hasaranga,3,0,34,1,11.33,2,4,1,0,0,2nd Innings
T204767,RR Vs KKR,RR,Nitish Rana,1,0,9,0,9.00,0,1,0,0,0,2nd Innings
T204767,RR Vs KKR,RR,Tushar Deshpande,1,0,7,0,7.00,2,1,0,0,0,2nd Innings
T207611,PBKS Vs GT,GT,Mohammed Siraj,4,0,54,0,13.50,10,7,3,3,0,1st Innings
T207611,PBKS Vs GT,GT,Kagiso Rabada,4,0,41,1,10.25,8,5,1,2,0,1st Innings
T207611,PBKS Vs GT,GT,Arshad Khan,1,0,21,0,21.00,1,3,1,1,0,1st Innings
T207611,PBKS Vs GT,GT,Rashid Khan,4,0,48,1,12.00,8,2,5,0,0,1st Innings
T207611,PBKS Vs GT,GT,Prasidh Krishna,3,0,41,0,13.66,6,4,3,0,0,1st Innings
T207611,PBKS Vs GT,GT,Sai Kishore,4,0,30,3,7.50,12,1,3,0,0,1st Innings
T207611,PBKS Vs GT,PBKS,Arshdeep Singh,4,0,36,2,9.00,11,2,3,0,0,2nd Innings
T207611,PBKS Vs GT,PBKS,Azmatullah Omarzai,2,0,29,0,14.50,3,1,3,0,0,2nd Innings
T207611,PBKS Vs GT,PBKS,Marco Jansen,4,0,44,1,11.00,6,4,2,1,0,2nd Innings
T207611,PBKS Vs GT,PBKS,Glenn Maxwell,2,0,26,1,13.00,3,1,2,1,0,2nd Innings
T207611,PBKS Vs GT,PBKS,Marcus Stoinis,2,0,31,0,15.50,3,2,3,0,0,2nd Innings
T207611,PBKS Vs GT,PBKS,Yuzvendra Chahal,3,0,34,0,11.33,4,3,2,1,0,2nd Innings
T207611,PBKS Vs GT,PBKS,Vijaykumar Vyshak,3,0,28,0,9.33,7,2,1,5,0,2nd Innings
T208452,LSG Vs DC,DC,Mitchell Starc,4,0,42,3,10.50,9,4,3,0,0,1st Innings
T208452,LSG Vs DC,DC,Axar Patel,3,0,18,0,6.00,7,2,0,0,0,1st Innings
T208452,LSG Vs DC,DC,Vipraj Nigam,2,0,35,1,17.50,3,2,4,0,0,1st Innings
T208452,LSG Vs DC,DC,Mukesh Kumar,2,0,22,1,11.00,4,1,2,1,0,1st Innings
T208452,LSG Vs DC,DC,Kuldeep Yadav,4,0,20,2,5.00,15,2,1,0,0,1st Innings
T208452,LSG Vs DC,DC,Mohit Sharma,4,0,42,0,10.50,7,3,2,3,1,1st Innings
T208452,LSG Vs DC,DC,Tristan Stubbs,1,0,28,0,28.00,1,1,4,0,0,1st Innings
T208452,LSG Vs DC,LSG,Shardul Thakur,2,0,19,2,9.50,5,2,1,1,0,2nd Innings
T208452,LSG Vs DC,LSG,Manimaran Siddharth,4,0,39,2,9.75,9,3,3,0,0,2nd Innings
T208452,LSG Vs DC,LSG,Digvesh Rathi,4,0,31,2,7.75,10,4,0,1,0,2nd Innings
T208452,LSG Vs DC,LSG,Ravi Bishnoi,4,0,53,2,13.25,8,4,5,0,0,2nd Innings
T208452,LSG Vs DC,LSG,Prince Yadav,4,0,47,0,11.75,5,5,2,1,0,2nd Innings
T208452,LSG Vs DC,LSG,Shahbaz Ahmed,1.3,0,22,0,14.66,1,1,2,1,0,2nd Innings
T202056,MI Vs CSK,CSK,Khaleel Ahmed,4,0,29,3,7.25,15,3,2,0,1,1st Innings
T202056,MI Vs CSK,CSK,Sam Curran,1,0,13,0,13.00,2,3,0,0,0,1st Innings
T202056,MI Vs CSK,CSK,Nathan Ellis,4,0,38,1,9.50,6,3,1,1,0,1st Innings
T202056,MI Vs CSK,CSK,Ravichandran Ashwin,4,0,31,1,7.75,6,4,0,0,0,1st Innings
T202056,MI Vs CSK,CSK,Ravindra Jadeja,3,0,21,0,7.00,8,0,2,0,0,1st Innings
T202056,MI Vs CSK,CSK,Noor Ahmad,4,0,18,4,4.50,12,0,0,3,0,1st Innings
T202056,MI Vs CSK,MI,Trent Boult,3,0,27,0,9.00,4,3,0,1,0,2nd Innings
T202056,MI Vs CSK,MI,Deepak Chahar,2,0,18,1,9.00,5,2,1,0,0,2nd Innings
T202056,MI Vs CSK,MI,Satyanarayana Raju,1,0,13,0,13.00,0,2,0,1,0,2nd Innings
T202056,MI Vs CSK,MI,Mitchell Santner,2.1,0,24,0,11.07,5,2,2,0,0,2nd Innings
T202056,MI Vs CSK,MI,Will Jacks,4,0,32,1,8.00,7,0,2,1,0,2nd Innings
T202056,MI Vs CSK,MI,Vignesh Puthur,4,0,32,3,8.00,9,0,3,0,0,2nd Innings
T202056,MI Vs CSK,MI,Naman Dhir,3,0,12,0,4.00,7,0,0,0,0,2nd Innings
T206968,SRH Vs RR,RR,Fazalhaq Farooqi,3,0,49,0,16.33,3,6,3,0,0,1st Innings
T206968,SRH Vs RR,RR,Maheesh Theekshana,4,0,52,2,13.00,8,8,1,3,2,1st Innings
T206968,SRH Vs RR,RR,Jofra Archer,4,0,76,0,19.00,1,10,4,2,1,1st Innings
T206968,SRH Vs RR,RR,Sandeep Sharma,4,0,51,1,12.75,5,4,3,0,0,1st Innings
T206968,SRH Vs RR,RR,Nitish Rana,1,0,9,0,9.00,0,1,0,0,0,1st Innings
T206968,SRH Vs RR,RR,Tushar Deshpande,4,0,44,3,11.00,8,5,1,5,0,1st Innings
T206968,SRH Vs RR,SRH,Mohammed Shami,3,0,33,1,11.00,8,5,1,1,0,2nd Innings
T206968,SRH Vs RR,SRH,Simarjeet Singh,3,0,46,2,15.33,8,4,4,2,1,2nd Innings
T206968,SRH Vs RR,SRH,Pat Cummins,4,0,60,0,15.00,4,3,5,1,1,2nd Innings
T206968,SRH Vs RR,SRH,Abhishek Sharma,2,0,17,0,8.50,6,2,1,0,0,2nd Innings
T206968,SRH Vs RR,SRH,Adam Zampa,4,0,48,1,12.00,7,3,4,1,0,2nd Innings
T206968,SRH Vs RR,SRH,Harshal Patel,4,0,34,2,8.50,7,0,3,2,0,2nd Innings
T202989,KKR Vs RCB,RCB,Josh Hazlewood,4,0,22,2,5.50,16,3,1,0,0,1st Innings
T202989,KKR Vs RCB,RCB,Yash Dayal,3,0,25,1,8.33,7,3,1,0,0,1st Innings
T202989,KKR Vs RCB,RCB,Rasikh Salam,3,0,35,1,11.66,9,3,3,2,0,1st Innings
T202989,KKR Vs RCB,RCB,Krunal Pandya,4,0,29,3,7.25,8,2,1,1,0,1st Innings
T202989,KKR Vs RCB,RCB,Suyash Sharma,4,0,47,1,11.75,8,6,2,1,0,1st Innings
T202989,KKR Vs RCB,RCB,Liam Livingstone,2,0,14,0,7.00,2,1,0,0,0,1st Innings
T202989,KKR Vs RCB,KKR,Vaibhav Arora,3,0,42,1,14.00,4,7,1,1,0,2nd Innings
T202989,KKR Vs RCB,KKR,Spencer Johnson,2.2,0,31,0,13.28,7,3,3,0,0,2nd Innings
T202989,KKR Vs RCB,KKR,Varun Chakravarthy,4,0,43,1,10.75,7,5,2,0,0,2nd Innings
T202989,KKR Vs RCB,KKR,Harshit Rana,3,0,32,0,10.66,4,5,0,0,0,2nd Innings
T202989,KKR Vs RCB,KKR,Sunil Narine,4,0,27,1,6.75,5,1,1,0,0,2nd Innings
