matchID,match,teamInnings,battingPos,batsmanName,runs,balls,4s,6s,SR,Innings,out/not_out
T204306,PBKS Vs RCB,PBKS,1,Priyansh Arya,7,5,1,0,140.00,1st Innings,out
T204306,PBKS Vs RCB,PBKS,2,Prabhsimran Singh,18,10,2,1,180.00,1st Innings,out
T204306,PBKS Vs RCB,PBKS,3,Josh Inglis,4,7,0,0,57.14,1st Innings,out
T204306,PBKS Vs RCB,PBKS,4,Shreyas Iyer,2,3,0,0,66.66,1st Innings,out
T204306,PBKS Vs RCB,PBKS,5,Nehal Wadhera,8,10,1,0,80.00,1st Innings,out
T204306,PBKS Vs RCB,PBKS,6,Marcus Stoinis,26,17,2,2,152.94,1st Innings,out
T204306,PBKS Vs RCB,PBKS,7,Shashank Singh,3,5,0,0,60.00,1st Innings,out
T204306,PBKS Vs RCB,PBKS,8,Musheer Khan,0,3,0,0,0.00,1st Innings,out
T204306,PBKS Vs RCB,PBKS,9,Azmatullah Omarzai,18,12,1,1,150.00,1st Innings,out
T204306,PBKS Vs RCB,PBKS,10,Harpreet Brar,4,11,0,0,36.36,1st Innings,out
T204306,PBKS Vs RCB,PBKS,11,Kyle Jamieson,0,3,0,0,0.00,1st Innings,not_out
T204306,PBKS Vs RCB,RCB,1,Phil Salt,56,27,6,3,207.40,2nd Innings,not_out
T204306,PBKS Vs RCB,RCB,2,Virat Kohli,12,12,2,0,100.00,2nd Innings,out
T204306,PBKS Vs RCB,RCB,3,Mayank Agarwal,19,13,2,1,146.15,2nd Innings,out
T204306,PBKS Vs RCB,RCB,4,Rajat Patidar,15,8,1,1,187.50,2nd Innings,not_out
T207920,LSG Vs RCB,LSG,1,Mitchell Marsh,67,37,4,5,181.08,1st Innings,out
T207920,LSG Vs RCB,LSG,2,Matthew Breetzke,14,12,1,1,116.66,1st Innings,out
T207920,LSG Vs RCB,LSG,3,Rishabh Pant,118,61,11,8,193.44,1st Innings,not_out
T207920,LSG Vs RCB,LSG,4,Nicholas Pooran,13,10,1,0,130.00,1st Innings,out
T207920,LSG Vs RCB,LSG,5,Abdul Samad,1,1,0,0,100.00,1st Innings,not_out
T207920,LSG Vs RCB,RCB,1,Phil Salt,30,19,6,0,157.89,2nd Innings,out
T207920,LSG Vs RCB,RCB,2,Virat Kohli,54,30,10,0,180.00,2nd Innings,out
T207920,LSG Vs RCB,RCB,3,Rajat Patidar,14,7,1,1,200.00,2nd Innings,out
T207920,LSG Vs RCB,RCB,4,Liam Livingstone,0,1,0,0,0.00,2nd Innings,out
T207920,LSG Vs RCB,RCB,5,Mayank Agarwal,41,23,5,0,178.26,2nd Innings,not_out
T207920,LSG Vs RCB,RCB,6,Jitesh Sharma,85,33,8,6,257.57,2nd Innings,not_out
T207014,MI Vs PBKS,MI,1,Ryan Rickelton,27,20,5,0,135.00,1st Innings,out
T207014,MI Vs PBKS,MI,2,Rohit Sharma,24,21,2,1,114.28,1st Innings,out
T207014,MI Vs PBKS,MI,3,Suryakumar Yadav,57,39,6,2,146.15,1st Innings,out
T207014,MI Vs PBKS,MI,4,Tilak Varma,1,4,0,0,25.00,1st Innings,out
T207014,MI Vs PBKS,MI,5,Will Jacks,17,8,2,1,212.50,1st Innings,out
T207014,MI Vs PBKS,MI,6,Hardik Pandya,26,15,2,2,173.33,1st Innings,out
T207014,MI Vs PBKS,MI,7,Naman Dhir,20,12,0,2,166.66,1st Innings,out
T207014,MI Vs PBKS,MI,8,Mitchell Santner,1,1,0,0,100.00,1st Innings,not_out
T207014,MI Vs PBKS,PBKS,1,Priyansh Arya,62,35,9,2,177.14,2nd Innings,out
T207014,MI Vs PBKS,PBKS,2,Prabhsimran Singh,13,16,1,1,81.25,2nd Innings,out
T207014,MI Vs PBKS,PBKS,3,Josh Inglis,73,42,9,3,173.80,2nd Innings,out
T207014,MI Vs PBKS,PBKS,4,Shreyas Iyer,26,16,1,2,162.50,2nd Innings,not_out
T207014,MI Vs PBKS,PBKS,5,Nehal Wadhera,2,2,0,0,100.00,2nd Innings,not_out
T202020,SRH Vs KKR,SRH,1,Abhishek Sharma,32,16,4,2,200.00,1st Innings,out
T202020,SRH Vs KKR,SRH,2,Travis Head,76,40,6,6,190.00,1st Innings,out
T202020,SRH Vs KKR,SRH,3,Heinrich Klaasen,105,39,7,9,269.23,1st Innings,not_out
T202020,SRH Vs KKR,SRH,4,Ishan Kishan,29,20,4,1,145.00,1st Innings,out
T202020,SRH Vs KKR,SRH,5,Aniket Verma,12,6,1,1,200.00,1st Innings,not_out
T202020,SRH Vs KKR,KKR,1,Quinton de Kock,9,13,0,0,69.23,2nd Innings,out
T202020,SRH Vs KKR,KKR,2,Sunil Narine,31,16,3,3,193.75,2nd Innings,out
T202020,SRH Vs KKR,KKR,3,Ajinkya Rahane,15,8,3,0,187.50,2nd Innings,out
T202020,SRH Vs KKR,KKR,4,Angkrish Raghuvanshi,14,18,1,0,77.77,2nd Innings,out
T202020,SRH Vs KKR,KKR,5,Rinku Singh,9,6,0,1,150.00,2nd Innings,out
T202020,SRH Vs KKR,KKR,6,Andre Russell,0,1,0,0,0.00,2nd Innings,out
T202020,SRH Vs KKR,KKR,7,Manish Pandey,37,23,2,3,160.86,2nd Innings,out
T202020,SRH Vs KKR,KKR,8,Ramandeep Singh,13,5,0,2,260.00,2nd Innings,out
T202020,SRH Vs KKR,KKR,9,Harshit Rana,34,21,2,3,161.90,2nd Innings,out
T202020,SRH Vs KKR,KKR,10,Vaibhav Arora,0,1,0,0,0.00,2nd Innings,out
T202020,SRH Vs KKR,KKR,11,Anrich Nortje,0,0,0,0,-,2nd Innings,not_out
T206757,CSK Vs GT,CSK,1,Ayush Mhatre,34,17,3,3,200.00,1st Innings,out
T206757,CSK Vs GT,CSK,2,Devon Conway,52,35,6,2,148.57,1st Innings,out
T206757,CSK Vs GT,CSK,3,Urvil Patel,37,19,4,2,194.73,1st Innings,out
T206757,CSK Vs GT,CSK,4,Shivam Dube,17,8,0,2,212.50,1st Innings,out
T206757,CSK Vs GT,CSK,5,Dewald Brevis,57,23,4,5,247.82,1st Innings,out
T206757,CSK Vs GT,CSK,6,Ravindra Jadeja,21,18,1,1,116.66,1st Innings,not_out
T206757,CSK Vs GT,GT,1,Sai Sudharsan,41,28,6,0,146.42,2nd Innings,out
T206757,CSK Vs GT,GT,2,Shubman Gill,13,9,1,1,144.44,2nd Innings,out
T206757,CSK Vs GT,GT,3,Jos Buttler,5,7,0,0,71.42,2nd Innings,out
T206757,CSK Vs GT,GT,4,Sherfane Rutherford,0,4,0,0,0.00,2nd Innings,out
T206757,CSK Vs GT,GT,5,M Shahrukh Khan,19,15,0,2,126.66,2nd Innings,out
T206757,CSK Vs GT,GT,6,Rahul Tewatia,14,10,1,0,140.00,2nd Innings,out
T206757,CSK Vs GT,GT,7,Rashid Khan,12,8,1,1,150.00,2nd Innings,out
T206757,CSK Vs GT,GT,8,Gerald Coetzee,5,5,1,0,100.00,2nd Innings,out
T206757,CSK Vs GT,GT,9,Arshad Khan,20,14,0,3,142.85,2nd Innings,out
T206757,CSK Vs GT,GT,10,Sai Kishore,3,7,0,0,42.85,2nd Innings,out
T206757,CSK Vs GT,GT,11,Mohammed Siraj,3,4,0,0,75.00,2nd Innings,not_out
T204213,PBKS Vs DC,PBKS,1,Priyansh Arya,6,9,1,0,66.66,1st Innings,out
T204213,PBKS Vs DC,PBKS,2,Prabhsimran Singh,28,18,4,1,155.55,1st Innings,out
T204213,PBKS Vs DC,PBKS,3,Josh Inglis,32,12,3,2,266.66,1st Innings,out
T204213,PBKS Vs DC,PBKS,4,Shreyas Iyer,53,34,5,2,155.88,1st Innings,out
T204213,PBKS Vs DC,PBKS,5,Nehal Wadhera,16,16,1,0,100.00,1st Innings,out
T204213,PBKS Vs DC,PBKS,6,Shashank Singh,11,10,0,0,110.00,1st Innings,out
T204213,PBKS Vs DC,PBKS,7,Marcus Stoinis,44,16,3,4,275.00,1st Innings,not_out
T204213,PBKS Vs DC,PBKS,8,Azmatullah Omarzai,1,3,0,0,33.33,1st Innings,out
T204213,PBKS Vs DC,PBKS,9,Marco Jansen,0,2,0,0,0.00,1st Innings,out
T204213,PBKS Vs DC,PBKS,10,Harpreet Brar,7,2,0,1,350.00,1st Innings,not_out
T204213,PBKS Vs DC,DC,1,KL Rahul,35,21,6,1,166.66,2nd Innings,out
T204213,PBKS Vs DC,DC,2,Faf du Plessis,23,15,2,1,153.33,2nd Innings,out
T204213,PBKS Vs DC,DC,3,Karun Nair,44,27,5,2,162.96,2nd Innings,out
T204213,PBKS Vs DC,DC,4,Sediqullah Atal,22,16,0,2,137.50,2nd Innings,out
T204213,PBKS Vs DC,DC,5,Sameer Rizvi,58,25,3,5,232.00,2nd Innings,not_out
T204213,PBKS Vs DC,DC,6,Tristan Stubbs,18,14,2,0,128.57,2nd Innings,not_out
T208879,SRH Vs RCB,SRH,1,Abhishek Sharma,34,17,3,3,200.00,1st Innings,out
T208879,SRH Vs RCB,SRH,2,Travis Head,17,10,3,0,170.00,1st Innings,out
T208879,SRH Vs RCB,SRH,3,Ishan Kishan,94,48,7,5,195.83,1st Innings,not_out
T208879,SRH Vs RCB,SRH,4,Heinrich Klaasen,24,13,2,2,184.61,1st Innings,out
T208879,SRH Vs RCB,SRH,5,Aniket Verma,26,9,1,3,288.88,1st Innings,out
T208879,SRH Vs RCB,SRH,6,Nitish Kumar Reddy,4,7,0,0,57.14,1st Innings,out
T208879,SRH Vs RCB,SRH,7,Abhinav Manohar,12,11,0,1,109.09,1st Innings,out
T208879,SRH Vs RCB,SRH,8,Pat Cummins,13,6,0,1,216.66,1st Innings,not_out
T208879,SRH Vs RCB,RCB,1,Phil Salt,62,32,4,5,193.75,2nd Innings,out
T208879,SRH Vs RCB,RCB,2,Virat Kohli,43,25,7,1,172.00,2nd Innings,out
T208879,SRH Vs RCB,RCB,3,Mayank Agarwal,11,10,1,0,110.00,2nd Innings,out
T208879,SRH Vs RCB,RCB,4,Rajat Patidar,18,16,1,0,112.50,2nd Innings,out
T208879,SRH Vs RCB,RCB,5,Jitesh Sharma,24,15,1,2,160.00,2nd Innings,out
T208879,SRH Vs RCB,RCB,6,Romario Shepherd,0,1,0,0,0.00,2nd Innings,out
T208879,SRH Vs RCB,RCB,7,Krunal Pandya,8,6,2,0,133.33,2nd Innings,out
T208879,SRH Vs RCB,RCB,8,Tim David,1,5,0,0,20.00,2nd Innings,out
T208879,SRH Vs RCB,RCB,9,Bhuvneshwar Kumar,3,2,0,0,150.00,2nd Innings,out
T208879,SRH Vs RCB,RCB,10,Yash Dayal,3,6,0,0,50.00,2nd Innings,out
T208879,SRH Vs RCB,RCB,11,Lungi Ngidi,0,2,0,0,0.00,2nd Innings,not_out
T203560,LSG Vs GT,LSG,1,Aiden Markram,36,24,3,2,150.00,1st Innings,out
T203560,LSG Vs GT,LSG,2,Mitchell Marsh,117,64,10,8,182.81,1st Innings,out
T203560,LSG Vs GT,LSG,3,Nicholas Pooran,56,27,4,5,207.40,1st Innings,not_out
T203560,LSG Vs GT,LSG,4,Rishabh Pant,16,6,0,2,266.66,1st Innings,not_out
T203560,LSG Vs GT,GT,1,Sai Sudharsan,21,16,4,0,131.25,2nd Innings,out
T203560,LSG Vs GT,GT,2,Shubman Gill,35,20,7,0,175.00,2nd Innings,out
T203560,LSG Vs GT,GT,3,Jos Buttler,33,18,3,2,183.33,2nd Innings,out
T203560,LSG Vs GT,GT,4,Sherfane Rutherford,38,22,1,3,172.72,2nd Innings,out
T203560,LSG Vs GT,GT,5,M Shahrukh Khan,57,29,5,3,196.55,2nd Innings,out
T203560,LSG Vs GT,GT,6,Rahul Tewatia,2,3,0,0,66.66,2nd Innings,out
T203560,LSG Vs GT,GT,7,Arshad Khan,1,3,0,0,33.33,2nd Innings,out
T203560,LSG Vs GT,GT,8,Rashid Khan,4,4,0,0,100.00,2nd Innings,not_out
T203560,LSG Vs GT,GT,9,Kagiso Rabada,2,3,0,0,66.66,2nd Innings,out
T203560,LSG Vs GT,GT,10,Sai Kishore,1,2,0,0,50.00,2nd Innings,out
T205979,MI Vs DC,MI,1,Ryan Rickelton,25,18,0,2,138.88,1st Innings,out
T205979,MI Vs DC,MI,2,Rohit Sharma,5,5,1,0,100.00,1st Innings,out
T205979,MI Vs DC,MI,3,Will Jacks,21,13,3,1,161.53,1st Innings,out
T205979,MI Vs DC,MI,4,Suryakumar Yadav,73,43,7,4,169.76,1st Innings,not_out
T205979,MI Vs DC,MI,5,Tilak Varma,27,27,1,1,100.00,1st Innings,out
T205979,MI Vs DC,MI,6,Hardik Pandya,3,6,0,0,50.00,1st Innings,out
T205979,MI Vs DC,MI,7,Naman Dhir,24,8,2,2,300.00,1st Innings,not_out
T205979,MI Vs DC,DC,1,KL Rahul,11,6,2,0,183.33,2nd Innings,out
T205979,MI Vs DC,DC,2,Faf du Plessis,6,7,1,0,85.71,2nd Innings,out
T205979,MI Vs DC,DC,3,Abishek Porel,6,9,0,0,66.66,2nd Innings,out
T205979,MI Vs DC,DC,4,Sameer Rizvi,39,35,6,1,111.42,2nd Innings,out
T205979,MI Vs DC,DC,5,Vipraj Nigam,20,11,3,1,181.81,2nd Innings,out
T205979,MI Vs DC,DC,6,Tristan Stubbs,2,4,0,0,50.00,2nd Innings,out
T205979,MI Vs DC,DC,7,Ashutosh Sharma,18,16,1,1,112.50,2nd Innings,out
T205979,MI Vs DC,DC,8,Madhav Tiwari,3,4,0,0,75.00,2nd Innings,out
T205979,MI Vs DC,DC,9,Dushmantha Chameera,8,10,0,0,80.00,2nd Innings,not_out
T205979,MI Vs DC,DC,10,Kuldeep Yadav,7,8,0,0,87.50,2nd Innings,out
T205979,MI Vs DC,DC,11,Mustafizur Rahman,0,1,0,0,0.00,2nd Innings,out
T206329,CSK Vs RR,CSK,1,Ayush Mhatre,43,20,8,1,215.00,1st Innings,out
T206329,CSK Vs RR,CSK,2,Devon Conway,10,8,2,0,125.00,1st Innings,out
T206329,CSK Vs RR,CSK,3,Urvil Patel,0,2,0,0,0.00,1st Innings,out
T206329,CSK Vs RR,CSK,4,Ravichandran Ashwin,13,8,1,1,162.50,1st Innings,out
T206329,CSK Vs RR,CSK,5,Ravindra Jadeja,1,5,0,0,20.00,1st Innings,out
T206329,CSK Vs RR,CSK,6,Dewald Brevis,42,25,2,3,168.00,1st Innings,out
T206329,CSK Vs RR,CSK,7,Shivam Dube,39,32,2,2,121.87,1st Innings,out
T206329,CSK Vs RR,CSK,8,MS Dhoni,16,17,0,1,94.11,1st Innings,out
T206329,CSK Vs RR,CSK,9,Anshul Kamboj,5,3,1,0,166.66,1st Innings,not_out
T206329,CSK Vs RR,CSK,10,Noor Ahmad,2,1,0,0,200.00,1st Innings,not_out
T206329,CSK Vs RR,RR,1,Yashasvi Jaiswal,36,19,5,2,189.47,2nd Innings,out
T206329,CSK Vs RR,RR,2,Vaibhav Suryavanshi,57,33,4,4,172.72,2nd Innings,out
T206329,CSK Vs RR,RR,3,Sanju Samson,41,31,3,2,132.25,2nd Innings,out
T206329,CSK Vs RR,RR,4,Riyan Parag,3,4,0,0,75.00,2nd Innings,out
T206329,CSK Vs RR,RR,5,Dhruv Jurel,31,12,2,3,258.33,2nd Innings,not_out
T206329,CSK Vs RR,RR,6,Shimron Hetmyer,12,5,1,1,240.00,2nd Innings,not_out
T207824,LSG Vs SRH,LSG,1,Mitchell Marsh,65,39,6,4,166.66,1st Innings,out
T207824,LSG Vs SRH,LSG,2,Aiden Markram,61,38,4,4,160.52,1st Innings,out
T207824,LSG Vs SRH,LSG,3,Rishabh Pant,7,6,1,0,116.66,1st Innings,out
T207824,LSG Vs SRH,LSG,4,Nicholas Pooran,45,26,6,1,173.07,1st Innings,out
T207824,LSG Vs SRH,LSG,5,Ayush Badoni,3,5,0,0,60.00,1st Innings,out
T207824,LSG Vs SRH,LSG,6,Abdul Samad,3,6,0,0,50.00,1st Innings,out
T207824,LSG Vs SRH,LSG,7,Shardul Thakur,4,1,1,0,400.00,1st Innings,out
T207824,LSG Vs SRH,LSG,8,Ravi Bishnoi,0,0,0,0,-,1st Innings,not_out
T207824,LSG Vs SRH,LSG,9,Akash Deep,6,1,0,1,600.00,1st Innings,not_out
T207824,LSG Vs SRH,SRH,1,Atharva Taide,13,9,3,0,144.44,2nd Innings,out
T207824,LSG Vs SRH,SRH,2,Abhishek Sharma,59,20,4,6,295.00,2nd Innings,out
T207824,LSG Vs SRH,SRH,3,Ishan Kishan,35,28,3,2,125.00,2nd Innings,out
T207824,LSG Vs SRH,SRH,4,Heinrich Klaasen,47,28,4,1,167.85,2nd Innings,out
T207824,LSG Vs SRH,SRH,5,Kamindu Mendis,32,21,3,0,152.38,2nd Innings,out
T207824,LSG Vs SRH,SRH,6,Aniket Verma,5,2,1,0,250.00,2nd Innings,not_out
T207824,LSG Vs SRH,SRH,7,Nitish Kumar Reddy,5,2,1,0,250.00,2nd Innings,not_out
T204982,DC Vs GT,DC,1,KL Rahul,112,65,14,4,172.30,1st Innings,not_out
T204982,DC Vs GT,DC,2,Faf du Plessis,5,10,0,0,50.00,1st Innings,out
T204982,DC Vs GT,DC,3,Abishek Porel,30,19,1,3,157.89,1st Innings,out
T204982,DC Vs GT,DC,4,Axar Patel,25,16,2,1,156.25,1st Innings,out
T204982,DC Vs GT,DC,5,Tristan Stubbs,21,10,0,2,210.00,1st Innings,not_out
T204982,DC Vs GT,GT,1,Sai Sudharsan,108,61,12,4,177.04,2nd Innings,not_out
T204982,DC Vs GT,GT,2,Shubman Gill,93,53,3,7,175.47,2nd Innings,not_out
T204891,PBKS Vs RR,PBKS,1,Priyansh Arya,9,7,1,0,128.57,1st Innings,out
T204891,PBKS Vs RR,PBKS,2,Prabhsimran Singh,21,10,3,1,210.00,1st Innings,out
T204891,PBKS Vs RR,PBKS,3,Mitchell Owen,0,2,0,0,0.00,1st Innings,out
T204891,PBKS Vs RR,PBKS,4,Nehal Wadhera,70,37,5,5,189.18,1st Innings,out
T204891,PBKS Vs RR,PBKS,5,Shreyas Iyer,30,25,5,0,120.00,1st Innings,out
T204891,PBKS Vs RR,PBKS,6,Shashank Singh,59,30,5,3,196.66,1st Innings,not_out
T204891,PBKS Vs RR,PBKS,7,Azmatullah Omarzai,21,9,3,1,233.33,1st Innings,not_out
T204891,PBKS Vs RR,RR,1,Yashasvi Jaiswal,50,25,9,1,200.00,2nd Innings,out
T204891,PBKS Vs RR,RR,2,Vaibhav Suryavanshi,40,15,4,4,266.66,2nd Innings,out
T204891,PBKS Vs RR,RR,3,Sanju Samson,20,16,1,1,125.00,2nd Innings,out
T204891,PBKS Vs RR,RR,4,Riyan Parag,13,11,0,1,118.18,2nd Innings,out
T204891,PBKS Vs RR,RR,5,Dhruv Jurel,53,31,3,4,170.96,2nd Innings,out
T204891,PBKS Vs RR,RR,6,Shimron Hetmyer,11,12,1,0,91.66,2nd Innings,out
T204891,PBKS Vs RR,RR,7,Shubham Dubey,7,7,0,0,100.00,2nd Innings,not_out
T204891,PBKS Vs RR,RR,8,Wanindu Hasaranga,0,1,0,0,0.00,2nd Innings,out
T204891,PBKS Vs RR,RR,9,Kwena Maphaka,8,2,2,0,400.00,2nd Innings,not_out
T209042,KKR Vs CSK,KKR,1,Rahmanullah Gurbaz,11,9,1,1,122.22,1st Innings,out
T209042,KKR Vs CSK,KKR,2,Sunil Narine,26,17,4,1,152.94,1st Innings,out
T209042,KKR Vs CSK,KKR,3,Ajinkya Rahane,48,33,4,2,145.45,1st Innings,out
T209042,KKR Vs CSK,KKR,4,Angkrish Raghuvanshi,1,2,0,0,50.00,1st Innings,out
T209042,KKR Vs CSK,KKR,5,Manish Pandey,36,28,1,1,128.57,1st Innings,not_out
T209042,KKR Vs CSK,KKR,6,Andre Russell,38,21,4,3,180.95,1st Innings,out
T209042,KKR Vs CSK,KKR,7,Rinku Singh,9,6,2,0,150.00,1st Innings,out
T209042,KKR Vs CSK,KKR,8,Ramandeep Singh,4,4,0,0,100.00,1st Innings,not_out
T209042,KKR Vs CSK,CSK,1,Ayush Mhatre,0,2,0,0,0.00,2nd Innings,out
T209042,KKR Vs CSK,CSK,2,Devon Conway,0,2,0,0,0.00,2nd Innings,out
T209042,KKR Vs CSK,CSK,3,Urvil Patel,31,11,1,4,281.81,2nd Innings,out
T209042,KKR Vs CSK,CSK,4,Ravichandran Ashwin,8,7,1,0,114.28,2nd Innings,out
T209042,KKR Vs CSK,CSK,5,Ravindra Jadeja,19,10,2,1,190.00,2nd Innings,out
T209042,KKR Vs CSK,CSK,6,Dewald Brevis,52,25,4,4,208.00,2nd Innings,out
T209042,KKR Vs CSK,CSK,7,Shivam Dube,45,40,2,3,112.50,2nd Innings,out
T209042,KKR Vs CSK,CSK,8,MS Dhoni,17,18,0,1,94.44,2nd Innings,not_out
T209042,KKR Vs CSK,CSK,9,Noor Ahmad,2,2,0,0,100.00,2nd Innings,out
T209042,KKR Vs CSK,CSK,10,Anshul Kamboj,4,1,1,0,400.00,2nd Innings,not_out
T202937,MI Vs GT,MI,1,Ryan Rickelton,2,2,0,0,100.00,1st Innings,out
T202937,MI Vs GT,MI,2,Rohit Sharma,7,8,1,0,87.50,1st Innings,out
T202937,MI Vs GT,MI,3,Will Jacks,53,35,5,3,151.42,1st Innings,out
T202937,MI Vs GT,MI,4,Suryakumar Yadav,35,24,5,0,145.83,1st Innings,out
T202937,MI Vs GT,MI,5,Tilak Varma,7,7,0,0,100.00,1st Innings,out
T202937,MI Vs GT,MI,6,Hardik Pandya,1,3,0,0,33.33,1st Innings,out
T202937,MI Vs GT,MI,7,Naman Dhir,7,10,1,0,70.00,1st Innings,out
T202937,MI Vs GT,MI,8,Corbin Bosch,27,22,1,2,122.72,1st Innings,out
T202937,MI Vs GT,MI,9,Deepak Chahar,8,8,1,0,100.00,1st Innings,not_out
T202937,MI Vs GT,MI,10,Karn Sharma,1,1,0,0,100.00,1st Innings,not_out
T202937,MI Vs GT,GT,1,Sai Sudharsan,5,5,1,0,100.00,2nd Innings,out
T202937,MI Vs GT,GT,2,Shubman Gill,43,46,3,1,93.47,2nd Innings,out
T202937,MI Vs GT,GT,3,Jos Buttler,30,27,3,1,111.11,2nd Innings,out
T202937,MI Vs GT,GT,4,Sherfane Rutherford,28,15,2,2,186.66,2nd Innings,out
T202937,MI Vs GT,GT,5,M Shahrukh Khan,6,6,1,0,100.00,2nd Innings,out
T202937,MI Vs GT,GT,6,Rahul Tewatia,11,8,1,0,137.50,2nd Innings,not_out
T202937,MI Vs GT,GT,7,Rashid Khan,2,3,0,0,66.66,2nd Innings,out
T202937,MI Vs GT,GT,8,Gerald Coetzee,12,6,1,1,200.00,2nd Innings,out
T202937,MI Vs GT,GT,9,Arshad Khan,1,1,0,0,100.00,2nd Innings,not_out
T205452,PBKS Vs LSG,PBKS,1,Priyansh Arya,1,4,0,0,25.00,1st Innings,out
T205452,PBKS Vs LSG,PBKS,2,Prabhsimran Singh,91,48,6,7,189.58,1st Innings,out
T205452,PBKS Vs LSG,PBKS,3,Josh Inglis,30,14,1,4,214.28,1st Innings,out
T205452,PBKS Vs LSG,PBKS,4,Shreyas Iyer,45,25,4,2,180.00,1st Innings,out
T205452,PBKS Vs LSG,PBKS,5,Nehal Wadhera,16,9,2,1,177.77,1st Innings,out
T205452,PBKS Vs LSG,PBKS,6,Shashank Singh,33,15,4,1,220.00,1st Innings,not_out
T205452,PBKS Vs LSG,PBKS,7,Marcus Stoinis,15,5,1,1,300.00,1st Innings,not_out
T205452,PBKS Vs LSG,LSG,1,Aiden Markram,13,10,1,1,130.00,2nd Innings,out
T205452,PBKS Vs LSG,LSG,2,Mitchell Marsh,0,5,0,0,0.00,2nd Innings,out
T205452,PBKS Vs LSG,LSG,3,Nicholas Pooran,6,5,1,0,120.00,2nd Innings,out
T205452,PBKS Vs LSG,LSG,4,Rishabh Pant,18,17,2,1,105.88,2nd Innings,out
T205452,PBKS Vs LSG,LSG,5,Ayush Badoni,74,40,5,5,185.00,2nd Innings,out
T205452,PBKS Vs LSG,LSG,6,David Miller,11,8,0,1,137.50,2nd Innings,out
T205452,PBKS Vs LSG,LSG,7,Abdul Samad,45,24,2,4,187.50,2nd Innings,out
T205452,PBKS Vs LSG,LSG,8,Avesh Khan,19,10,3,1,190.00,2nd Innings,not_out
T205452,PBKS Vs LSG,LSG,9,Prince Yadav,1,1,0,0,100.00,2nd Innings,not_out
T206367,KKR Vs RR,KKR,1,Rahmanullah Gurbaz,35,25,4,1,140.00,1st Innings,out
T206367,KKR Vs RR,KKR,2,Sunil Narine,11,9,1,1,122.22,1st Innings,out
T206367,KKR Vs RR,KKR,3,Ajinkya Rahane,30,24,1,2,125.00,1st Innings,out
T206367,KKR Vs RR,KKR,4,Angkrish Raghuvanshi,44,31,5,0,141.93,1st Innings,out
T206367,KKR Vs RR,KKR,5,Andre Russell,57,25,4,6,228.00,1st Innings,not_out
T206367,KKR Vs RR,KKR,6,Rinku Singh,19,6,1,2,316.66,1st Innings,not_out
T206367,KKR Vs RR,RR,1,Yashasvi Jaiswal,34,21,5,1,161.90,2nd Innings,out
T206367,KKR Vs RR,RR,2,Vaibhav Suryavanshi,4,2,1,0,200.00,2nd Innings,out
T206367,KKR Vs RR,RR,3,Kunal Singh Rathore,0,5,0,0,0.00,2nd Innings,out
T206367,KKR Vs RR,RR,4,Riyan Parag,95,45,6,8,211.11,2nd Innings,out
T206367,KKR Vs RR,RR,5,Dhruv Jurel,0,1,0,0,0.00,2nd Innings,out
T206367,KKR Vs RR,RR,6,Wanindu Hasaranga,0,2,0,0,0.00,2nd Innings,out
T206367,KKR Vs RR,RR,7,Shimron Hetmyer,29,23,1,1,126.08,2nd Innings,out
T206367,KKR Vs RR,RR,8,Shubham Dubey,25,14,1,2,178.57,2nd Innings,not_out
T206367,KKR Vs RR,RR,9,Jofra Archer,12,8,1,0,150.00,2nd Innings,out
T205495,RCB Vs CSK,RCB,1,Jacob Bethell,55,33,8,2,166.66,1st Innings,out
T205495,RCB Vs CSK,RCB,2,Virat Kohli,62,33,5,5,187.87,1st Innings,out
T205495,RCB Vs CSK,RCB,3,Devdutt Padikkal,17,15,1,1,113.33,1st Innings,out
T205495,RCB Vs CSK,RCB,4,Rajat Patidar,11,15,1,0,73.33,1st Innings,out
T205495,RCB Vs CSK,RCB,5,Jitesh Sharma,7,8,1,0,87.50,1st Innings,out
T205495,RCB Vs CSK,RCB,6,Tim David,2,3,0,0,66.66,1st Innings,not_out
T205495,RCB Vs CSK,RCB,7,Romario Shepherd,53,14,4,6,378.57,1st Innings,not_out
T205495,RCB Vs CSK,CSK,1,Ayush Mhatre,94,48,9,5,195.83,2nd Innings,out
T205495,RCB Vs CSK,CSK,2,Shaik Rasheed,14,11,1,1,127.27,2nd Innings,out
T205495,RCB Vs CSK,CSK,3,Sam Curran,5,5,1,0,100.00,2nd Innings,out
T205495,RCB Vs CSK,CSK,4,Ravindra Jadeja,77,45,8,2,171.11,2nd Innings,not_out
T205495,RCB Vs CSK,CSK,5,Dewald Brevis,0,1,0,0,0.00,2nd Innings,out
T205495,RCB Vs CSK,CSK,6,MS Dhoni,12,8,0,1,150.00,2nd Innings,out
T205495,RCB Vs CSK,CSK,7,Shivam Dube,8,3,0,1,266.66,2nd Innings,not_out
T204385,GT Vs SRH,GT,1,Sai Sudharsan,48,23,9,0,208.69,1st Innings,out
T204385,GT Vs SRH,GT,2,Shubman Gill,76,38,10,2,200.00,1st Innings,out
T204385,GT Vs SRH,GT,3,Jos Buttler,64,37,3,4,172.97,1st Innings,out
T204385,GT Vs SRH,GT,4,Washington Sundar,21,16,0,1,131.25,1st Innings,out
T204385,GT Vs SRH,GT,5,M Shahrukh Khan,6,2,0,1,300.00,1st Innings,not_out
T204385,GT Vs SRH,GT,6,Rahul Tewatia,6,3,0,1,200.00,1st Innings,out
T204385,GT Vs SRH,GT,7,Rashid Khan,0,1,0,0,0.00,1st Innings,out
T204385,GT Vs SRH,SRH,1,Travis Head,20,16,4,0,125.00,2nd Innings,out
T204385,GT Vs SRH,SRH,2,Abhishek Sharma,74,41,4,6,180.48,2nd Innings,out
T204385,GT Vs SRH,SRH,3,Ishan Kishan,13,17,0,0,76.47,2nd Innings,out
T204385,GT Vs SRH,SRH,4,Heinrich Klaasen,23,18,1,1,127.77,2nd Innings,out
T204385,GT Vs SRH,SRH,5,Aniket Verma,3,7,0,0,42.85,2nd Innings,out
T204385,GT Vs SRH,SRH,6,Nitish Kumar Reddy,21,10,1,2,210.00,2nd Innings,not_out
T204385,GT Vs SRH,SRH,7,Kamindu Mendis,0,1,0,0,0.00,2nd Innings,out
T204385,GT Vs SRH,SRH,8,Pat Cummins,19,10,1,1,190.00,2nd Innings,not_out
T207676,MI Vs RR,MI,1,Ryan Rickelton,61,38,7,3,160.52,1st Innings,out
T207676,MI Vs RR,MI,2,Rohit Sharma,53,36,9,0,147.22,1st Innings,out
T207676,MI Vs RR,MI,3,Suryakumar Yadav,48,23,4,3,208.69,1st Innings,not_out
T207676,MI Vs RR,MI,4,Hardik Pandya,48,23,6,1,208.69,1st Innings,not_out
T207676,MI Vs RR,RR,1,Yashasvi Jaiswal,13,6,0,2,216.66,2nd Innings,out
T207676,MI Vs RR,RR,2,Vaibhav Suryavanshi,0,2,0,0,0.00,2nd Innings,out
T207676,MI Vs RR,RR,3,Nitish Rana,9,11,2,0,81.81,2nd Innings,out
T207676,MI Vs RR,RR,4,Riyan Parag,16,8,3,0,200.00,2nd Innings,out
T207676,MI Vs RR,RR,5,Dhruv Jurel,11,11,0,1,100.00,2nd Innings,out
T207676,MI Vs RR,RR,6,Shimron Hetmyer,0,1,0,0,0.00,2nd Innings,out
T207676,MI Vs RR,RR,7,Shubham Dubey,15,9,2,1,166.66,2nd Innings,out
T207676,MI Vs RR,RR,8,Jofra Archer,30,27,2,2,111.11,2nd Innings,out
T207676,MI Vs RR,RR,9,Maheesh Theekshana,2,9,0,0,22.22,2nd Innings,out
T207676,MI Vs RR,RR,10,Kumar Kartikeya,2,4,0,0,50.00,2nd Innings,out
T207676,MI Vs RR,RR,11,Akash Madhwal,4,9,0,0,44.44,2nd Innings,not_out
T207764,CSK Vs PBKS,CSK,1,Shaik Rasheed,11,12,1,1,91.66,1st Innings,out
T207764,CSK Vs PBKS,CSK,2,Ayush Mhatre,7,6,1,0,116.66,1st Innings,out
T207764,CSK Vs PBKS,CSK,3,Sam Curran,88,47,9,4,187.23,1st Innings,out
T207764,CSK Vs PBKS,CSK,4,Ravindra Jadeja,17,12,4,0,141.66,1st Innings,out
T207764,CSK Vs PBKS,CSK,5,Dewald Brevis,32,26,2,1,123.07,1st Innings,out
T207764,CSK Vs PBKS,CSK,6,Shivam Dube,6,6,1,0,100.00,1st Innings,out
T207764,CSK Vs PBKS,CSK,7,MS Dhoni,11,4,1,1,275.00,1st Innings,out
T207764,CSK Vs PBKS,CSK,8,Deepak Hooda,2,2,0,0,100.00,1st Innings,out
T207764,CSK Vs PBKS,CSK,9,Anshul Kamboj,0,1,0,0,0.00,1st Innings,out
T207764,CSK Vs PBKS,CSK,10,Noor Ahmad,0,1,0,0,0.00,1st Innings,out
T207764,CSK Vs PBKS,CSK,11,Khaleel Ahmed,0,0,0,0,-,1st Innings,not_out
T207764,CSK Vs PBKS,PBKS,1,Priyansh Arya,23,15,5,0,153.33,2nd Innings,out
T207764,CSK Vs PBKS,PBKS,2,Prabhsimran Singh,54,36,5,3,150.00,2nd Innings,out
T207764,CSK Vs PBKS,PBKS,3,Shreyas Iyer,72,41,5,4,175.60,2nd Innings,out
T207764,CSK Vs PBKS,PBKS,4,Nehal Wadhera,5,3,1,0,166.66,2nd Innings,out
T207764,CSK Vs PBKS,PBKS,5,Shashank Singh,23,12,1,2,191.66,2nd Innings,out
T207764,CSK Vs PBKS,PBKS,6,Josh Inglis,6,6,1,0,100.00,2nd Innings,not_out
T207764,CSK Vs PBKS,PBKS,7,Suryansh Shedge,1,3,0,0,33.33,2nd Innings,out
T207764,CSK Vs PBKS,PBKS,8,Marco Jansen,4,2,1,0,200.00,2nd Innings,not_out
T206881,KKR Vs DC,KKR,1,Rahmanullah Gurbaz,26,12,5,1,216.66,1st Innings,out
T206881,KKR Vs DC,KKR,2,Sunil Narine,27,16,2,2,168.75,1st Innings,out
T206881,KKR Vs DC,KKR,3,Ajinkya Rahane,26,14,4,1,185.71,1st Innings,out
T206881,KKR Vs DC,KKR,4,Angkrish Raghuvanshi,44,32,3,2,137.50,1st Innings,out
T206881,KKR Vs DC,KKR,5,Venkatesh Iyer,7,5,1,0,140.00,1st Innings,out
T206881,KKR Vs DC,KKR,6,Rinku Singh,36,25,3,1,144.00,1st Innings,out
T206881,KKR Vs DC,KKR,7,Andre Russell,17,9,2,1,188.88,1st Innings,out
T206881,KKR Vs DC,KKR,8,Rovman Powell,5,5,1,0,100.00,1st Innings,out
T206881,KKR Vs DC,KKR,9,Anukul Roy,0,1,0,0,0.00,1st Innings,out
T206881,KKR Vs DC,KKR,10,Harshit Rana,0,1,0,0,0.00,1st Innings,not_out
T206881,KKR Vs DC,KKR,11,Varun Chakravarthy,1,1,0,0,100.00,1st Innings,not_out
T206881,KKR Vs DC,DC,1,Abishek Porel,4,2,1,0,200.00,2nd Innings,out
T206881,KKR Vs DC,DC,2,Faf du Plessis,62,45,7,2,137.77,2nd Innings,out
T206881,KKR Vs DC,DC,3,Karun Nair,15,13,2,0,115.38,2nd Innings,out
T206881,KKR Vs DC,DC,4,KL Rahul,7,5,1,0,140.00,2nd Innings,out
T206881,KKR Vs DC,DC,5,Axar Patel,43,23,4,3,186.95,2nd Innings,out
T206881,KKR Vs DC,DC,6,Tristan Stubbs,1,3,0,0,33.33,2nd Innings,out
T206881,KKR Vs DC,DC,7,Vipraj Nigam,38,19,5,2,200.00,2nd Innings,out
T206881,KKR Vs DC,DC,8,Ashutosh Sharma,7,6,0,1,116.66,2nd Innings,out
T206881,KKR Vs DC,DC,9,Mitchell Starc,0,1,0,0,0.00,2nd Innings,out
T206881,KKR Vs DC,DC,10,Dushmantha Chameera,2,3,0,0,66.66,2nd Innings,not_out
T206881,KKR Vs DC,DC,11,Kuldeep Yadav,1,1,0,0,100.00,2nd Innings,not_out
T205938,GT Vs RR,GT,1,Sai Sudharsan,39,30,4,1,130.00,1st Innings,out
T205938,GT Vs RR,GT,2,Shubman Gill,84,50,5,4,168.00,1st Innings,out
T205938,GT Vs RR,GT,3,Jos Buttler,50,26,3,4,192.30,1st Innings,not_out
T205938,GT Vs RR,GT,4,Washington Sundar,13,8,0,1,162.50,1st Innings,out
T205938,GT Vs RR,GT,5,Rahul Tewatia,9,4,0,1,225.00,1st Innings,out
T205938,GT Vs RR,GT,6,M Shahrukh Khan,5,2,1,0,250.00,1st Innings,not_out
T205938,GT Vs RR,RR,1,Yashasvi Jaiswal,70,40,9,2,175.00,2nd Innings,not_out
T205938,GT Vs RR,RR,2,Vaibhav Suryavanshi,101,38,7,11,265.78,2nd Innings,out
T205938,GT Vs RR,RR,3,Nitish Rana,4,2,1,0,200.00,2nd Innings,out
T205938,GT Vs RR,RR,4,Riyan Parag,32,15,2,2,213.33,2nd Innings,not_out
T209925,DC Vs RCB,DC,1,Abishek Porel,28,11,2,2,254.54,1st Innings,out
T209925,DC Vs RCB,DC,2,Faf du Plessis,22,26,2,0,84.61,1st Innings,out
T209925,DC Vs RCB,DC,3,Karun Nair,4,4,1,0,100.00,1st Innings,out
T209925,DC Vs RCB,DC,4,KL Rahul,41,39,3,0,105.12,1st Innings,out
T209925,DC Vs RCB,DC,5,Axar Patel,15,13,1,1,115.38,1st Innings,out
T209925,DC Vs RCB,DC,6,Tristan Stubbs,34,18,5,1,188.88,1st Innings,out
T209925,DC Vs RCB,DC,7,Ashutosh Sharma,2,3,0,0,66.66,1st Innings,out
T209925,DC Vs RCB,DC,8,Vipraj Nigam,12,6,0,1,200.00,1st Innings,out
T209925,DC Vs RCB,DC,9,Mitchell Starc,0,0,0,0,-,1st Innings,not_out
T209925,DC Vs RCB,DC,10,Dushmantha Chameera,0,1,0,0,0.00,1st Innings,not_out
T209925,DC Vs RCB,RCB,1,Jacob Bethell,12,6,1,1,200.00,2nd Innings,out
T209925,DC Vs RCB,RCB,2,Virat Kohli,51,47,4,0,108.51,2nd Innings,out
T209925,DC Vs RCB,RCB,3,Devdutt Padikkal,0,2,0,0,0.00,2nd Innings,out
T209925,DC Vs RCB,RCB,4,Rajat Patidar,6,6,1,0,100.00,2nd Innings,out
T209925,DC Vs RCB,RCB,5,Krunal Pandya,73,47,5,4,155.31,2nd Innings,not_out
T209925,DC Vs RCB,RCB,6,Tim David,19,5,3,1,380.00,2nd Innings,not_out
T203916,MI Vs LSG,MI,1,Ryan Rickelton,58,32,6,4,181.25,1st Innings,out
T203916,MI Vs LSG,MI,2,Rohit Sharma,12,5,0,2,240.00,1st Innings,out
T203916,MI Vs LSG,MI,3,Will Jacks,29,21,3,1,138.09,1st Innings,out
T203916,MI Vs LSG,MI,4,Suryakumar Yadav,54,28,4,4,192.85,1st Innings,out
T203916,MI Vs LSG,MI,5,Tilak Varma,6,5,1,0,120.00,1st Innings,out
T203916,MI Vs LSG,MI,6,Hardik Pandya,5,7,0,0,71.42,1st Innings,out
T203916,MI Vs LSG,MI,7,Naman Dhir,25,11,2,2,227.27,1st Innings,not_out
T203916,MI Vs LSG,MI,8,Corbin Bosch,20,10,2,1,200.00,1st Innings,out
T203916,MI Vs LSG,MI,9,Deepak Chahar,1,1,0,0,100.00,1st Innings,not_out
T203916,MI Vs LSG,LSG,1,Mitchell Marsh,34,24,3,2,141.66,2nd Innings,out
T203916,MI Vs LSG,LSG,2,Aiden Markram,9,11,2,0,81.81,2nd Innings,out
T203916,MI Vs LSG,LSG,3,Nicholas Pooran,27,15,1,3,180.00,2nd Innings,out
T203916,MI Vs LSG,LSG,4,Rishabh Pant,4,2,1,0,200.00,2nd Innings,out
T203916,MI Vs LSG,LSG,5,Ayush Badoni,35,22,2,2,159.09,2nd Innings,out
T203916,MI Vs LSG,LSG,6,David Miller,24,16,3,0,150.00,2nd Innings,out
T203916,MI Vs LSG,LSG,7,Abdul Samad,2,4,0,0,50.00,2nd Innings,out
T203916,MI Vs LSG,LSG,8,Ravi Bishnoi,13,14,0,2,92.85,2nd Innings,out
T203916,MI Vs LSG,LSG,9,Avesh Khan,0,1,0,0,0.00,2nd Innings,out
T203916,MI Vs LSG,LSG,10,Prince Yadav,4,9,0,0,44.44,2nd Innings,not_out
T203916,MI Vs LSG,LSG,11,Digvesh Rathi,1,3,0,0,33.33,2nd Innings,out
T203004,CSK Vs SRH,CSK,1,Shaik Rasheed,0,1,0,0,0.00,1st Innings,out
T203004,CSK Vs SRH,CSK,2,Ayush Mhatre,30,19,6,0,157.89,1st Innings,out
T203004,CSK Vs SRH,CSK,3,Sam Curran,9,10,1,0,90.00,1st Innings,out
T203004,CSK Vs SRH,CSK,4,Ravindra Jadeja,21,17,1,1,123.52,1st Innings,out
T203004,CSK Vs SRH,CSK,5,Dewald Brevis,42,25,1,4,168.00,1st Innings,out
T203004,CSK Vs SRH,CSK,6,Shivam Dube,12,9,2,0,133.33,1st Innings,out
T203004,CSK Vs SRH,CSK,7,Deepak Hooda,22,21,1,1,104.76,1st Innings,out
T203004,CSK Vs SRH,CSK,8,MS Dhoni,6,10,1,0,60.00,1st Innings,out
T203004,CSK Vs SRH,CSK,9,Anshul Kamboj,2,4,0,0,50.00,1st Innings,out
T203004,CSK Vs SRH,CSK,10,Noor Ahmad,2,3,0,0,66.66,1st Innings,out
T203004,CSK Vs SRH,CSK,11,Khaleel Ahmed,1,2,0,0,50.00,1st Innings,not_out
T203004,CSK Vs SRH,SRH,1,Abhishek Sharma,0,2,0,0,0.00,2nd Innings,out
T203004,CSK Vs SRH,SRH,2,Travis Head,19,16,4,0,118.75,2nd Innings,out
T203004,CSK Vs SRH,SRH,3,Ishan Kishan,44,34,5,1,129.41,2nd Innings,out
T203004,CSK Vs SRH,SRH,4,Heinrich Klaasen,7,8,1,0,87.50,2nd Innings,out
T203004,CSK Vs SRH,SRH,5,Aniket Verma,19,19,0,2,100.00,2nd Innings,out
T203004,CSK Vs SRH,SRH,6,Kamindu Mendis,32,22,3,0,145.45,2nd Innings,not_out
T203004,CSK Vs SRH,SRH,7,Nitish Kumar Reddy,19,13,2,0,146.15,2nd Innings,not_out
T207805,RCB Vs RR,RCB,1,Phil Salt,26,23,4,0,113.04,1st Innings,out
T207805,RCB Vs RR,RCB,2,Virat Kohli,70,42,8,2,166.66,1st Innings,out
T207805,RCB Vs RR,RCB,3,Devdutt Padikkal,50,27,4,3,185.18,1st Innings,out
T207805,RCB Vs RR,RCB,4,Tim David,23,15,2,1,153.33,1st Innings,out
T207805,RCB Vs RR,RCB,5,Rajat Patidar,1,3,0,0,33.33,1st Innings,out
T207805,RCB Vs RR,RCB,6,Jitesh Sharma,20,10,4,0,200.00,1st Innings,not_out
T207805,RCB Vs RR,RR,1,Yashasvi Jaiswal,49,19,7,3,257.89,2nd Innings,out
T207805,RCB Vs RR,RR,2,Vaibhav Suryavanshi,16,12,0,2,133.33,2nd Innings,out
T207805,RCB Vs RR,RR,3,Nitish Rana,28,22,3,1,127.27,2nd Innings,out
T207805,RCB Vs RR,RR,4,Riyan Parag,22,10,2,2,220.00,2nd Innings,out
T207805,RCB Vs RR,RR,5,Dhruv Jurel,47,34,3,3,138.23,2nd Innings,out
T207805,RCB Vs RR,RR,6,Shimron Hetmyer,11,8,1,0,137.50,2nd Innings,out
T207805,RCB Vs RR,RR,7,Shubham Dubey,12,7,1,1,171.42,2nd Innings,out
T207805,RCB Vs RR,RR,8,Jofra Archer,0,1,0,0,0.00,2nd Innings,out
T207805,RCB Vs RR,RR,9,Wanindu Hasaranga,1,3,0,0,33.33,2nd Innings,out
T207805,RCB Vs RR,RR,10,Tushar Deshpande,1,2,0,0,50.00,2nd Innings,not_out
T207805,RCB Vs RR,RR,11,Fazalhaq Farooqi,2,2,0,0,100.00,2nd Innings,not_out
T207487,SRH Vs MI,SRH,1,Travis Head,0,4,0,0,0.00,1st Innings,out
T207487,SRH Vs MI,SRH,2,Abhishek Sharma,8,8,0,1,100.00,1st Innings,out
T207487,SRH Vs MI,SRH,3,Ishan Kishan,1,4,0,0,25.00,1st Innings,out
T207487,SRH Vs MI,SRH,4,Nitish Kumar Reddy,2,6,0,0,33.33,1st Innings,out
T207487,SRH Vs MI,SRH,5,Heinrich Klaasen,71,44,9,2,161.36,1st Innings,out
T207487,SRH Vs MI,SRH,6,Aniket Verma,12,14,1,0,85.71,1st Innings,out
T207487,SRH Vs MI,SRH,7,Abhinav Manohar,43,37,2,3,116.21,1st Innings,out
T207487,SRH Vs MI,SRH,8,Pat Cummins,1,2,0,0,50.00,1st Innings,out
T207487,SRH Vs MI,SRH,9,Harshal Patel,1,1,0,0,100.00,1st Innings,not_out
T207487,SRH Vs MI,MI,1,Ryan Rickelton,11,8,2,0,137.50,2nd Innings,out
T207487,SRH Vs MI,MI,2,Rohit Sharma,70,46,8,3,152.17,2nd Innings,out
T207487,SRH Vs MI,MI,3,Will Jacks,22,19,2,1,115.78,2nd Innings,out
T207487,SRH Vs MI,MI,4,Suryakumar Yadav,40,19,5,2,210.52,2nd Innings,not_out
T207487,SRH Vs MI,MI,5,Tilak Varma,2,2,0,0,100.00,2nd Innings,not_out
T207474,LSG Vs DC,LSG,1,Aiden Markram,52,33,2,3,157.57,1st Innings,out
T207474,LSG Vs DC,LSG,2,Mitchell Marsh,45,36,3,1,125.00,1st Innings,out
T207474,LSG Vs DC,LSG,3,Nicholas Pooran,9,5,2,0,180.00,1st Innings,out
T207474,LSG Vs DC,LSG,4,Abdul Samad,2,8,0,0,25.00,1st Innings,out
T207474,LSG Vs DC,LSG,5,David Miller,14,15,1,0,93.33,1st Innings,not_out
T207474,LSG Vs DC,LSG,6,Ayush Badoni,36,21,6,0,171.42,1st Innings,out
T207474,LSG Vs DC,LSG,7,Rishabh Pant,0,2,0,0,0.00,1st Innings,out
T207474,LSG Vs DC,DC,1,Abishek Porel,51,36,5,1,141.66,2nd Innings,out
T207474,LSG Vs DC,DC,2,Karun Nair,15,9,2,1,166.66,2nd Innings,out
T207474,LSG Vs DC,DC,3,KL Rahul,57,42,3,3,135.71,2nd Innings,not_out
T207474,LSG Vs DC,DC,4,Axar Patel,34,20,1,4,170.00,2nd Innings,not_out
T205989,GT Vs KKR,GT,1,Sai Sudharsan,52,36,6,1,144.44,1st Innings,out
T205989,GT Vs KKR,GT,2,Shubman Gill,90,55,10,3,163.63,1st Innings,out
T205989,GT Vs KKR,GT,3,Jos Buttler,41,23,8,0,178.26,1st Innings,not_out
T205989,GT Vs KKR,GT,4,Rahul Tewatia,0,2,0,0,0.00,1st Innings,out
T205989,GT Vs KKR,GT,5,M Shahrukh Khan,11,5,0,1,220.00,1st Innings,not_out
T205989,GT Vs KKR,KKR,1,Rahmanullah Gurbaz,1,4,0,0,25.00,2nd Innings,out
T205989,GT Vs KKR,KKR,2,Sunil Narine,17,13,2,1,130.76,2nd Innings,out
T205989,GT Vs KKR,KKR,3,Ajinkya Rahane,50,36,5,1,138.88,2nd Innings,out
T205989,GT Vs KKR,KKR,4,Venkatesh Iyer,14,19,0,0,73.68,2nd Innings,out
T205989,GT Vs KKR,KKR,5,Rinku Singh,17,14,1,1,121.42,2nd Innings,out
T205989,GT Vs KKR,KKR,6,Andre Russell,21,15,3,1,140.00,2nd Innings,out
T205989,GT Vs KKR,KKR,7,Ramandeep Singh,1,2,0,0,50.00,2nd Innings,out
T205989,GT Vs KKR,KKR,8,Moeen Ali,0,2,0,0,0.00,2nd Innings,out
T205989,GT Vs KKR,KKR,9,Angkrish Raghuvanshi,27,13,3,1,207.69,2nd Innings,not_out
T205989,GT Vs KKR,KKR,10,Harshit Rana,1,2,0,0,50.00,2nd Innings,not_out
T201225,CSK Vs MI,CSK,1,Shaik Rasheed,19,20,1,0,95.00,1st Innings,out
T201225,CSK Vs MI,CSK,2,Rachin Ravindra,5,9,0,0,55.55,1st Innings,out
T201225,CSK Vs MI,CSK,3,Ayush Mhatre,32,15,4,2,213.33,1st Innings,out
T201225,CSK Vs MI,CSK,4,Ravindra Jadeja,53,35,4,2,151.42,1st Innings,not_out
T201225,CSK Vs MI,CSK,5,Shivam Dube,50,32,2,4,156.25,1st Innings,out
T201225,CSK Vs MI,CSK,6,MS Dhoni,4,6,0,0,66.66,1st Innings,out
T201225,CSK Vs MI,CSK,7,Jamie Overton,4,3,1,0,133.33,1st Innings,not_out
T201225,CSK Vs MI,MI,1,Ryan Rickelton,24,19,3,1,126.31,2nd Innings,out
T201225,CSK Vs MI,MI,2,Rohit Sharma,76,45,4,6,168.88,2nd Innings,not_out
T201225,CSK Vs MI,MI,3,Suryakumar Yadav,68,30,6,5,226.66,2nd Innings,not_out
T208475,PBKS Vs RCB,PBKS,1,Priyansh Arya,22,15,3,1,146.66,1st Innings,out
T208475,PBKS Vs RCB,PBKS,2,Prabhsimran Singh,33,17,5,1,194.11,1st Innings,out
T208475,PBKS Vs RCB,PBKS,3,Shreyas Iyer,6,10,1,0,60.00,1st Innings,out
T208475,PBKS Vs RCB,PBKS,4,Josh Inglis,29,17,2,1,170.58,1st Innings,out
T208475,PBKS Vs RCB,PBKS,5,Nehal Wadhera,5,6,0,0,83.33,1st Innings,out
T208475,PBKS Vs RCB,PBKS,6,Shashank Singh,31,33,1,0,93.93,1st Innings,not_out
T208475,PBKS Vs RCB,PBKS,7,Marcus Stoinis,1,2,0,0,50.00,1st Innings,out
T208475,PBKS Vs RCB,PBKS,8,Marco Jansen,25,20,0,2,125.00,1st Innings,not_out
T208475,PBKS Vs RCB,RCB,1,Phil Salt,1,3,0,0,33.33,2nd Innings,out
T208475,PBKS Vs RCB,RCB,2,Virat Kohli,73,54,7,1,135.18,2nd Innings,not_out
T208475,PBKS Vs RCB,RCB,3,Devdutt Padikkal,61,35,5,4,174.28,2nd Innings,out
T208475,PBKS Vs RCB,RCB,4,Rajat Patidar,12,13,1,0,92.30,2nd Innings,out
T208475,PBKS Vs RCB,RCB,5,Jitesh Sharma,11,8,0,1,137.50,2nd Innings,not_out
T206219,LSG Vs RR,LSG,1,Mitchell Marsh,4,6,0,0,66.66,1st Innings,out
T206219,LSG Vs RR,LSG,2,Aiden Markram,66,45,5,3,146.66,1st Innings,out
T206219,LSG Vs RR,LSG,3,Nicholas Pooran,11,8,2,0,137.50,1st Innings,out
T206219,LSG Vs RR,LSG,4,Rishabh Pant,3,9,0,0,33.33,1st Innings,out
T206219,LSG Vs RR,LSG,5,Ayush Badoni,50,34,5,1,147.05,1st Innings,out
T206219,LSG Vs RR,LSG,6,David Miller,7,8,0,0,87.50,1st Innings,not_out
T206219,LSG Vs RR,LSG,7,Abdul Samad,30,10,0,4,300.00,1st Innings,not_out
T206219,LSG Vs RR,RR,1,Yashasvi Jaiswal,74,52,5,4,142.30,2nd Innings,out
T206219,LSG Vs RR,RR,2,Vaibhav Suryavanshi,34,20,2,3,170.00,2nd Innings,out
T206219,LSG Vs RR,RR,3,Nitish Rana,8,7,0,1,114.28,2nd Innings,out
T206219,LSG Vs RR,RR,4,Riyan Parag,39,26,3,2,150.00,2nd Innings,out
T206219,LSG Vs RR,RR,5,Dhruv Jurel,6,5,0,0,120.00,2nd Innings,not_out
T206219,LSG Vs RR,RR,6,Shimron Hetmyer,12,7,2,0,171.42,2nd Innings,out
T206219,LSG Vs RR,RR,7,Shubham Dubey,3,3,0,0,100.00,2nd Innings,not_out
T201519,DC Vs GT,DC,1,Abishek Porel,18,9,3,1,200.00,1st Innings,out
T201519,DC Vs GT,DC,2,Karun Nair,31,18,2,2,172.22,1st Innings,out
T201519,DC Vs GT,DC,3,KL Rahul,28,14,4,1,200.00,1st Innings,out
T201519,DC Vs GT,DC,4,Axar Patel,39,32,1,2,121.87,1st Innings,out
T201519,DC Vs GT,DC,5,Tristan Stubbs,31,21,2,1,147.61,1st Innings,out
T201519,DC Vs GT,DC,6,Ashutosh Sharma,37,19,2,3,194.73,1st Innings,out
T201519,DC Vs GT,DC,7,Vipraj Nigam,0,1,0,0,0.00,1st Innings,out
T201519,DC Vs GT,DC,8,Donovan Ferreira,1,3,0,0,33.33,1st Innings,out
T201519,DC Vs GT,DC,9,Mitchell Starc,2,2,0,0,100.00,1st Innings,not_out
T201519,DC Vs GT,DC,10,Kuldeep Yadav,4,1,1,0,400.00,1st Innings,not_out
T201519,DC Vs GT,GT,1,Sai Sudharsan,36,21,5,1,171.42,2nd Innings,out
T201519,DC Vs GT,GT,2,Shubman Gill,7,5,1,0,140.00,2nd Innings,out
T201519,DC Vs GT,GT,3,Jos Buttler,97,54,11,4,179.62,2nd Innings,not_out
T201519,DC Vs GT,GT,4,Sherfane Rutherford,43,34,1,3,126.47,2nd Innings,out
T201519,DC Vs GT,GT,5,Rahul Tewatia,11,3,1,1,366.66,2nd Innings,not_out
T202862,RCB Vs PBKS,RCB,1,Phil Salt,4,4,1,0,100.00,1st Innings,out
T202862,RCB Vs PBKS,RCB,2,Virat Kohli,1,3,0,0,33.33,1st Innings,out
T202862,RCB Vs PBKS,RCB,3,Rajat Patidar,23,18,1,1,127.77,1st Innings,out
T202862,RCB Vs PBKS,RCB,4,Liam Livingstone,4,6,1,0,66.66,1st Innings,out
T202862,RCB Vs PBKS,RCB,5,Jitesh Sharma,2,7,0,0,28.57,1st Innings,out
T202862,RCB Vs PBKS,RCB,6,Krunal Pandya,1,2,0,0,50.00,1st Innings,out
T202862,RCB Vs PBKS,RCB,7,Tim David,50,26,5,3,192.30,1st Innings,not_out
T202862,RCB Vs PBKS,RCB,8,Manoj Bhandage,1,4,0,0,25.00,1st Innings,out
T202862,RCB Vs PBKS,RCB,9,Bhuvneshwar Kumar,8,13,1,0,61.53,1st Innings,out
T202862,RCB Vs PBKS,RCB,10,Yash Dayal,0,1,0,0,0.00,1st Innings,out
T202862,RCB Vs PBKS,RCB,11,Josh Hazlewood,0,1,0,0,0.00,1st Innings,not_out
T202862,RCB Vs PBKS,PBKS,1,Priyansh Arya,16,11,1,1,145.45,2nd Innings,out
T202862,RCB Vs PBKS,PBKS,2,Prabhsimran Singh,13,9,2,0,144.44,2nd Innings,out
T202862,RCB Vs PBKS,PBKS,3,Shreyas Iyer,7,10,0,0,70.00,2nd Innings,out
T202862,RCB Vs PBKS,PBKS,4,Josh Inglis,14,17,2,0,82.35,2nd Innings,out
T202862,RCB Vs PBKS,PBKS,5,Nehal Wadhera,33,19,3,3,173.68,2nd Innings,not_out
T202862,RCB Vs PBKS,PBKS,6,Shashank Singh,1,5,0,0,20.00,2nd Innings,out
T202862,RCB Vs PBKS,PBKS,7,Marcus Stoinis,7,2,0,1,350.00,2nd Innings,not_out
T201082,SRH Vs MI,SRH,1,Abhishek Sharma,40,28,7,0,142.85,1st Innings,out
T201082,SRH Vs MI,SRH,2,Travis Head,28,29,3,0,96.55,1st Innings,out
T201082,SRH Vs MI,SRH,3,Ishan Kishan,2,3,0,0,66.66,1st Innings,out
T201082,SRH Vs MI,SRH,4,Nitish Kumar Reddy,19,21,1,0,90.47,1st Innings,out
T201082,SRH Vs MI,SRH,5,Heinrich Klaasen,37,28,3,2,132.14,1st Innings,out
T201082,SRH Vs MI,SRH,6,Aniket Verma,18,8,0,2,225.00,1st Innings,not_out
T201082,SRH Vs MI,SRH,7,Pat Cummins,8,4,0,1,200.00,1st Innings,not_out
T201082,SRH Vs MI,MI,1,Ryan Rickelton,31,23,5,0,134.78,2nd Innings,out
T201082,SRH Vs MI,MI,2,Rohit Sharma,26,16,0,3,162.50,2nd Innings,out
T201082,SRH Vs MI,MI,3,Will Jacks,36,26,3,2,138.46,2nd Innings,out
T201082,SRH Vs MI,MI,4,Suryakumar Yadav,26,15,2,2,173.33,2nd Innings,out
T201082,SRH Vs MI,MI,5,Tilak Varma,21,17,2,0,123.52,2nd Innings,not_out
T201082,SRH Vs MI,MI,6,Hardik Pandya,21,9,3,1,233.33,2nd Innings,out
T201082,SRH Vs MI,MI,7,Naman Dhir,0,3,0,0,0.00,2nd Innings,out
T201082,SRH Vs MI,MI,8,Mitchell Santner,0,1,0,0,0.00,2nd Innings,not_out
T205036,DC Vs RR,DC,1,Jake Fraser-McGurk,9,6,2,0,150.00,1st Innings,out
T205036,DC Vs RR,DC,2,Abishek Porel,49,37,5,1,132.43,1st Innings,out
T205036,DC Vs RR,DC,3,Karun Nair,0,3,0,0,0.00,1st Innings,out
T205036,DC Vs RR,DC,4,KL Rahul,38,32,2,2,118.75,1st Innings,out
T205036,DC Vs RR,DC,5,Tristan Stubbs,34,18,2,2,188.88,1st Innings,not_out
T205036,DC Vs RR,DC,6,Axar Patel,34,14,4,2,242.85,1st Innings,out
T205036,DC Vs RR,DC,7,Ashutosh Sharma,15,11,2,0,136.36,1st Innings,not_out
T205036,DC Vs RR,RR,1,Yashasvi Jaiswal,51,37,3,4,137.83,2nd Innings,out
T205036,DC Vs RR,RR,2,Sanju Samson,31,19,2,3,163.15,2nd Innings,out
T205036,DC Vs RR,RR,3,Riyan Parag,8,11,1,0,72.72,2nd Innings,out
T205036,DC Vs RR,RR,4,Nitish Rana,51,28,6,2,182.14,2nd Innings,out
T205036,DC Vs RR,RR,5,Dhruv Jurel,26,17,0,2,152.94,2nd Innings,out
T205036,DC Vs RR,RR,6,Shimron Hetmyer,15,9,1,0,166.66,2nd Innings,not_out
T208482,PBKS Vs KKR,PBKS,1,Priyansh Arya,22,12,3,1,183.33,1st Innings,out
T208482,PBKS Vs KKR,PBKS,2,Prabhsimran Singh,30,15,2,3,200.00,1st Innings,out
T208482,PBKS Vs KKR,PBKS,3,Shreyas Iyer,0,2,0,0,0.00,1st Innings,out
T208482,PBKS Vs KKR,PBKS,4,Josh Inglis,2,6,0,0,33.33,1st Innings,out
T208482,PBKS Vs KKR,PBKS,5,Nehal Wadhera,10,9,2,0,111.11,1st Innings,out
T208482,PBKS Vs KKR,PBKS,6,Glenn Maxwell,7,10,1,0,70.00,1st Innings,out
T208482,PBKS Vs KKR,PBKS,7,Suryansh Shedge,4,4,0,0,100.00,1st Innings,out
T208482,PBKS Vs KKR,PBKS,8,Shashank Singh,18,17,1,1,105.88,1st Innings,out
T208482,PBKS Vs KKR,PBKS,9,Marco Jansen,1,2,0,0,50.00,1st Innings,out
T208482,PBKS Vs KKR,PBKS,10,Xavier Bartlett,11,15,1,0,73.33,1st Innings,out
T208482,PBKS Vs KKR,PBKS,11,Arshdeep Singh,1,1,0,0,100.00,1st Innings,not_out
T208482,PBKS Vs KKR,KKR,1,Quinton de Kock,2,4,0,0,50.00,2nd Innings,out
T208482,PBKS Vs KKR,KKR,2,Sunil Narine,5,4,1,0,125.00,2nd Innings,out
T208482,PBKS Vs KKR,KKR,3,Ajinkya Rahane,17,17,1,1,100.00,2nd Innings,out
T208482,PBKS Vs KKR,KKR,4,Angkrish Raghuvanshi,37,28,5,1,132.14,2nd Innings,out
T208482,PBKS Vs KKR,KKR,5,Venkatesh Iyer,7,4,0,0,175.00,2nd Innings,out
T208482,PBKS Vs KKR,KKR,6,Rinku Singh,2,9,0,0,22.22,2nd Innings,out
T208482,PBKS Vs KKR,KKR,7,Andre Russell,17,11,1,2,154.54,2nd Innings,out
T208482,PBKS Vs KKR,KKR,8,Ramandeep Singh,0,1,0,0,0.00,2nd Innings,out
T208482,PBKS Vs KKR,KKR,9,Harshit Rana,3,6,0,0,50.00,2nd Innings,out
T208482,PBKS Vs KKR,KKR,10,Vaibhav Arora,0,7,0,0,0.00,2nd Innings,out
T208482,PBKS Vs KKR,KKR,11,Anrich Nortje,0,0,0,0,-,2nd Innings,not_out
T201652,LSG Vs CSK,LSG,1,Aiden Markram,6,6,1,0,100.00,1st Innings,out
T201652,LSG Vs CSK,LSG,2,Mitchell Marsh,30,25,2,2,120.00,1st Innings,out
T201652,LSG Vs CSK,LSG,3,Nicholas Pooran,8,9,2,0,88.88,1st Innings,out
T201652,LSG Vs CSK,LSG,4,Rishabh Pant,63,49,4,4,128.57,1st Innings,out
T201652,LSG Vs CSK,LSG,5,Ayush Badoni,22,17,1,2,129.41,1st Innings,out
T201652,LSG Vs CSK,LSG,6,Abdul Samad,20,11,0,2,181.81,1st Innings,out
T201652,LSG Vs CSK,LSG,7,David Miller,0,0,0,0,-,1st Innings,not_out
T201652,LSG Vs CSK,LSG,8,Shardul Thakur,6,4,1,0,150.00,1st Innings,out
T201652,LSG Vs CSK,CSK,1,Shaik Rasheed,27,19,6,0,142.10,2nd Innings,out
T201652,LSG Vs CSK,CSK,2,Rachin Ravindra,37,22,5,0,168.18,2nd Innings,out
T201652,LSG Vs CSK,CSK,3,Rahul Tripathi,9,10,1,0,90.00,2nd Innings,out
T201652,LSG Vs CSK,CSK,4,Ravindra Jadeja,7,11,0,0,63.63,2nd Innings,out
T201652,LSG Vs CSK,CSK,5,Shivam Dube,43,37,3,2,116.21,2nd Innings,not_out
T201652,LSG Vs CSK,CSK,6,Vijay Shankar,9,8,1,0,112.50,2nd Innings,out
T201652,LSG Vs CSK,CSK,7,MS Dhoni,26,11,4,1,236.36,2nd Innings,not_out
T207454,MI Vs DC,MI,1,Rohit Sharma,18,12,2,1,150.00,1st Innings,out
T207454,MI Vs DC,MI,2,Ryan Rickelton,41,25,5,2,164.00,1st Innings,out
T207454,MI Vs DC,MI,3,Suryakumar Yadav,40,28,5,2,142.85,1st Innings,out
T207454,MI Vs DC,MI,4,Tilak Varma,59,33,6,3,178.78,1st Innings,out
T207454,MI Vs DC,MI,5,Hardik Pandya,2,4,0,0,50.00,1st Innings,out
T207454,MI Vs DC,MI,6,Naman Dhir,38,17,3,2,223.52,1st Innings,not_out
T207454,MI Vs DC,MI,7,Will Jacks,1,1,0,0,100.00,1st Innings,not_out
T207454,MI Vs DC,DC,1,Jake Fraser-McGurk,0,1,0,0,0.00,2nd Innings,out
T207454,MI Vs DC,DC,2,Abishek Porel,33,25,3,1,132.00,2nd Innings,out
T207454,MI Vs DC,DC,3,Karun Nair,89,40,12,5,222.50,2nd Innings,out
T207454,MI Vs DC,DC,4,KL Rahul,15,13,1,0,115.38,2nd Innings,out
T207454,MI Vs DC,DC,5,Axar Patel,9,6,2,0,150.00,2nd Innings,out
T207454,MI Vs DC,DC,6,Tristan Stubbs,1,4,0,0,25.00,2nd Innings,out
T207454,MI Vs DC,DC,7,Ashutosh Sharma,17,14,2,0,121.42,2nd Innings,out
T207454,MI Vs DC,DC,8,Vipraj Nigam,14,8,1,1,175.00,2nd Innings,out
T207454,MI Vs DC,DC,9,Mitchell Starc,1,1,0,0,100.00,2nd Innings,not_out
T207454,MI Vs DC,DC,10,Kuldeep Yadav,1,1,0,0,100.00,2nd Innings,out
T207454,MI Vs DC,DC,11,Mohit Sharma,0,1,0,0,0.00,2nd Innings,out
T201189,RR Vs RCB,RR,1,Yashasvi Jaiswal,75,47,10,2,159.57,1st Innings,out
T201189,RR Vs RCB,RR,2,Sanju Samson,15,19,1,0,78.94,1st Innings,out
T201189,RR Vs RCB,RR,3,Riyan Parag,30,22,3,1,136.36,1st Innings,out
T201189,RR Vs RCB,RR,4,Dhruv Jurel,35,23,2,2,152.17,1st Innings,not_out
T201189,RR Vs RCB,RR,5,Shimron Hetmyer,9,8,1,0,112.50,1st Innings,out
T201189,RR Vs RCB,RR,6,Nitish Rana,4,1,1,0,400.00,1st Innings,not_out
T201189,RR Vs RCB,RCB,1,Phil Salt,65,33,5,6,196.96,2nd Innings,out
T201189,RR Vs RCB,RCB,2,Virat Kohli,62,45,4,2,137.77,2nd Innings,not_out
T201189,RR Vs RCB,RCB,3,Devdutt Padikkal,40,28,5,1,142.85,2nd Innings,not_out
T209279,PBKS Vs SRH,PBKS,1,Priyansh Arya,36,13,2,4,276.92,1st Innings,out
T209279,PBKS Vs SRH,PBKS,2,Prabhsimran Singh,42,23,7,1,182.60,1st Innings,out
T209279,PBKS Vs SRH,PBKS,3,Shreyas Iyer,82,36,6,6,227.77,1st Innings,out
T209279,PBKS Vs SRH,PBKS,4,Nehal Wadhera,27,22,2,1,122.72,1st Innings,out
T209279,PBKS Vs SRH,PBKS,5,Shashank Singh,2,3,0,0,66.66,1st Innings,out
T209279,PBKS Vs SRH,PBKS,6,Glenn Maxwell,3,7,0,0,42.85,1st Innings,out
T209279,PBKS Vs SRH,PBKS,7,Marcus Stoinis,34,11,1,4,309.09,1st Innings,not_out
T209279,PBKS Vs SRH,PBKS,8,Marco Jansen,5,5,0,0,100.00,1st Innings,not_out
T209279,PBKS Vs SRH,SRH,1,Travis Head,66,37,9,3,178.37,2nd Innings,out
T209279,PBKS Vs SRH,SRH,2,Abhishek Sharma,141,55,14,10,256.36,2nd Innings,out
T209279,PBKS Vs SRH,SRH,3,Heinrich Klaasen,21,14,2,1,150.00,2nd Innings,not_out
T209279,PBKS Vs SRH,SRH,4,Ishan Kishan,9,6,1,0,150.00,2nd Innings,not_out
T205772,GT Vs LSG,GT,1,Sai Sudharsan,56,37,7,1,151.35,1st Innings,out
T205772,GT Vs LSG,GT,2,Shubman Gill,60,38,6,1,157.89,1st Innings,out
T205772,GT Vs LSG,GT,3,Jos Buttler,16,14,2,0,114.28,1st Innings,out
T205772,GT Vs LSG,GT,4,Washington Sundar,2,3,0,0,66.66,1st Innings,out
T205772,GT Vs LSG,GT,5,Sherfane Rutherford,22,19,3,0,115.78,1st Innings,out
T205772,GT Vs LSG,GT,6,M Shahrukh Khan,11,6,0,1,183.33,1st Innings,not_out
T205772,GT Vs LSG,GT,7,Rahul Tewatia,0,1,0,0,0.00,1st Innings,out
T205772,GT Vs LSG,GT,8,Rashid Khan,4,2,0,0,200.00,1st Innings,not_out
T205772,GT Vs LSG,LSG,1,Aiden Markram,58,31,9,1,187.09,2nd Innings,out
T205772,GT Vs LSG,LSG,2,Rishabh Pant,21,18,4,0,116.66,2nd Innings,out
T205772,GT Vs LSG,LSG,3,Nicholas Pooran,61,34,1,7,179.41,2nd Innings,out
T205772,GT Vs LSG,LSG,4,Ayush Badoni,28,20,2,1,140.00,2nd Innings,not_out
T205772,GT Vs LSG,LSG,5,David Miller,7,11,0,0,63.63,2nd Innings,out
T205772,GT Vs LSG,LSG,6,Abdul Samad,2,3,0,0,66.66,2nd Innings,not_out
T202770,CSK Vs KKR,CSK,1,Rachin Ravindra,4,9,0,0,44.44,1st Innings,out
T202770,CSK Vs KKR,CSK,2,Devon Conway,12,11,2,0,109.09,1st Innings,out
T202770,CSK Vs KKR,CSK,3,Rahul Tripathi,16,22,1,0,72.72,1st Innings,out
T202770,CSK Vs KKR,CSK,4,Vijay Shankar,29,21,2,1,138.09,1st Innings,out
T202770,CSK Vs KKR,CSK,5,Shivam Dube,31,29,3,0,106.89,1st Innings,not_out
T202770,CSK Vs KKR,CSK,6,Ravichandran Ashwin,1,7,0,0,14.28,1st Innings,out
T202770,CSK Vs KKR,CSK,7,Ravindra Jadeja,0,2,0,0,0.00,1st Innings,out
T202770,CSK Vs KKR,CSK,8,Deepak Hooda,0,4,0,0,0.00,1st Innings,out
T202770,CSK Vs KKR,CSK,9,MS Dhoni,1,4,0,0,25.00,1st Innings,out
T202770,CSK Vs KKR,CSK,10,Noor Ahmad,1,8,0,0,12.50,1st Innings,out
T202770,CSK Vs KKR,CSK,11,Anshul Kamboj,3,3,0,0,100.00,1st Innings,not_out
T202770,CSK Vs KKR,KKR,1,Quinton de Kock,23,16,0,3,143.75,2nd Innings,out
T202770,CSK Vs KKR,KKR,2,Sunil Narine,44,18,2,5,244.44,2nd Innings,out
T202770,CSK Vs KKR,KKR,3,Ajinkya Rahane,20,17,1,1,117.64,2nd Innings,not_out
T202770,CSK Vs KKR,KKR,4,Rinku Singh,15,12,1,1,125.00,2nd Innings,not_out
T201710,RCB Vs DC,RCB,1,Phil Salt,37,17,4,3,217.64,1st Innings,out
T201710,RCB Vs DC,RCB,2,Virat Kohli,22,14,1,2,157.14,1st Innings,out
T201710,RCB Vs DC,RCB,3,Devdutt Padikkal,1,8,0,0,12.50,1st Innings,out
T201710,RCB Vs DC,RCB,4,Rajat Patidar,25,23,1,1,108.69,1st Innings,out
T201710,RCB Vs DC,RCB,5,Liam Livingstone,4,6,0,0,66.66,1st Innings,out
T201710,RCB Vs DC,RCB,6,Jitesh Sharma,3,11,0,0,27.27,1st Innings,out
T201710,RCB Vs DC,RCB,7,Krunal Pandya,18,18,1,0,100.00,1st Innings,out
T201710,RCB Vs DC,RCB,8,Tim David,37,20,2,4,185.00,1st Innings,not_out
T201710,RCB Vs DC,RCB,9,Bhuvneshwar Kumar,1,4,0,0,25.00,1st Innings,not_out
T201710,RCB Vs DC,DC,1,Faf du Plessis,2,7,0,0,28.57,2nd Innings,out
T201710,RCB Vs DC,DC,2,Jake Fraser-McGurk,7,6,1,0,116.66,2nd Innings,out
T201710,RCB Vs DC,DC,3,Abishek Porel,7,7,1,0,100.00,2nd Innings,out
T201710,RCB Vs DC,DC,4,KL Rahul,93,53,7,6,175.47,2nd Innings,not_out
T201710,RCB Vs DC,DC,5,Axar Patel,15,11,2,0,136.36,2nd Innings,out
T201710,RCB Vs DC,DC,6,Tristan Stubbs,38,23,4,1,165.21,2nd Innings,not_out
T205359,GT Vs RR,GT,1,Sai Sudharsan,82,53,8,3,154.71,1st Innings,out
T205359,GT Vs RR,GT,2,Shubman Gill,2,3,0,0,66.66,1st Innings,out
T205359,GT Vs RR,GT,3,Jos Buttler,36,25,5,0,144.00,1st Innings,out
T205359,GT Vs RR,GT,4,M Shahrukh Khan,36,20,4,2,180.00,1st Innings,out
T205359,GT Vs RR,GT,5,Sherfane Rutherford,7,3,0,1,233.33,1st Innings,out
T205359,GT Vs RR,GT,6,Rahul Tewatia,24,12,2,2,200.00,1st Innings,not_out
T205359,GT Vs RR,GT,7,Rashid Khan,12,4,1,1,300.00,1st Innings,out
T205359,GT Vs RR,GT,8,Arshad Khan,0,0,0,0,-,1st Innings,not_out
T205359,GT Vs RR,RR,1,Yashasvi Jaiswal,6,7,1,0,85.71,2nd Innings,out
T205359,GT Vs RR,RR,2,Sanju Samson,41,28,4,2,146.42,2nd Innings,out
T205359,GT Vs RR,RR,3,Nitish Rana,1,3,0,0,33.33,2nd Innings,out
T205359,GT Vs RR,RR,4,Riyan Parag,26,14,1,3,185.71,2nd Innings,out
T205359,GT Vs RR,RR,5,Dhruv Jurel,5,4,1,0,125.00,2nd Innings,out
T205359,GT Vs RR,RR,6,Shimron Hetmyer,52,32,4,3,162.50,2nd Innings,out
T205359,GT Vs RR,RR,7,Shubham Dubey,1,3,0,0,33.33,2nd Innings,out
T205359,GT Vs RR,RR,8,Jofra Archer,4,4,0,0,100.00,2nd Innings,out
T205359,GT Vs RR,RR,9,Maheesh Theekshana,5,13,0,0,38.46,2nd Innings,out
T205359,GT Vs RR,RR,10,Tushar Deshpande,3,3,0,0,100.00,2nd Innings,out
T205359,GT Vs RR,RR,11,Sandeep Sharma,6,5,0,0,120.00,2nd Innings,not_out
T206346,PBKS Vs CSK,PBKS,1,Priyansh Arya,103,42,7,9,245.23,1st Innings,out
T206346,PBKS Vs CSK,PBKS,2,Prabhsimran Singh,0,2,0,0,0.00,1st Innings,out
T206346,PBKS Vs CSK,PBKS,3,Shreyas Iyer,9,7,0,1,128.57,1st Innings,out
T206346,PBKS Vs CSK,PBKS,4,Marcus Stoinis,4,7,0,0,57.14,1st Innings,out
T206346,PBKS Vs CSK,PBKS,5,Nehal Wadhera,9,7,0,1,128.57,1st Innings,out
T206346,PBKS Vs CSK,PBKS,6,Glenn Maxwell,1,2,0,0,50.00,1st Innings,out
T206346,PBKS Vs CSK,PBKS,7,Shashank Singh,52,36,2,3,144.44,1st Innings,not_out
T206346,PBKS Vs CSK,PBKS,8,Marco Jansen,34,19,2,2,178.94,1st Innings,not_out
T206346,PBKS Vs CSK,CSK,1,Rachin Ravindra,36,23,6,0,156.52,2nd Innings,out
T206346,PBKS Vs CSK,CSK,2,Devon Conway,69,49,6,2,140.81,2nd Innings,out
T206346,PBKS Vs CSK,CSK,3,Ruturaj Gaikwad,1,3,0,0,33.33,2nd Innings,out
T206346,PBKS Vs CSK,CSK,4,Shivam Dube,42,27,3,2,155.55,2nd Innings,out
T206346,PBKS Vs CSK,CSK,5,MS Dhoni,27,12,1,3,225.00,2nd Innings,out
T206346,PBKS Vs CSK,CSK,6,Ravindra Jadeja,9,5,0,1,180.00,2nd Innings,not_out
T206346,PBKS Vs CSK,CSK,7,Vijay Shankar,2,2,0,0,100.00,2nd Innings,not_out
T202552,LSG Vs KKR,LSG,1,Aiden Markram,47,28,4,2,167.85,1st Innings,out
T202552,LSG Vs KKR,LSG,2,Mitchell Marsh,81,48,6,5,168.75,1st Innings,out
T202552,LSG Vs KKR,LSG,3,Nicholas Pooran,87,36,7,8,241.66,1st Innings,not_out
T202552,LSG Vs KKR,LSG,4,Abdul Samad,6,4,1,0,150.00,1st Innings,out
T202552,LSG Vs KKR,LSG,5,David Miller,4,4,0,0,100.00,1st Innings,not_out
T202552,LSG Vs KKR,KKR,1,Quinton de Kock,15,9,0,2,166.66,2nd Innings,out
T202552,LSG Vs KKR,KKR,2,Sunil Narine,30,13,4,2,230.76,2nd Innings,out
T202552,LSG Vs KKR,KKR,3,Ajinkya Rahane,61,35,8,2,174.28,2nd Innings,out
T202552,LSG Vs KKR,KKR,4,Venkatesh Iyer,45,29,6,1,155.17,2nd Innings,out
T202552,LSG Vs KKR,KKR,5,Ramandeep Singh,1,2,0,0,50.00,2nd Innings,out
T202552,LSG Vs KKR,KKR,6,Angkrish Raghuvanshi,5,4,1,0,125.00,2nd Innings,out
T202552,LSG Vs KKR,KKR,7,Andre Russell,7,4,0,1,175.00,2nd Innings,out
T202552,LSG Vs KKR,KKR,8,Rinku Singh,38,15,6,2,253.33,2nd Innings,not_out
T202552,LSG Vs KKR,KKR,9,Harshit Rana,10,9,2,0,111.11,2nd Innings,not_out
T206019,RCB Vs MI,RCB,1,Phil Salt,4,2,1,0,200.00,1st Innings,out
T206019,RCB Vs MI,RCB,2,Virat Kohli,67,42,8,2,159.52,1st Innings,out
T206019,RCB Vs MI,RCB,3,Devdutt Padikkal,37,22,2,3,168.18,1st Innings,out
T206019,RCB Vs MI,RCB,4,Rajat Patidar,64,32,5,4,200.00,1st Innings,out
T206019,RCB Vs MI,RCB,5,Liam Livingstone,0,2,0,0,0.00,1st Innings,out
T206019,RCB Vs MI,RCB,6,Jitesh Sharma,40,19,2,4,210.52,1st Innings,not_out
T206019,RCB Vs MI,RCB,7,Tim David,1,1,0,0,100.00,1st Innings,not_out
T206019,RCB Vs MI,MI,1,Rohit Sharma,17,9,2,1,188.88,2nd Innings,out
T206019,RCB Vs MI,MI,2,Ryan Rickelton,17,10,4,0,170.00,2nd Innings,out
T206019,RCB Vs MI,MI,3,Will Jacks,22,18,2,1,122.22,2nd Innings,out
T206019,RCB Vs MI,MI,4,Suryakumar Yadav,28,26,5,0,107.69,2nd Innings,out
T206019,RCB Vs MI,MI,5,Tilak Varma,56,29,4,4,193.10,2nd Innings,out
T206019,RCB Vs MI,MI,6,Hardik Pandya,42,15,3,4,280.00,2nd Innings,out
T206019,RCB Vs MI,MI,7,Naman Dhir,11,6,1,1,183.33,2nd Innings,out
T206019,RCB Vs MI,MI,8,Mitchell Santner,8,4,0,1,200.00,2nd Innings,out
T206019,RCB Vs MI,MI,9,Deepak Chahar,0,1,0,0,0.00,2nd Innings,out
T206019,RCB Vs MI,MI,10,Trent Boult,1,1,0,0,100.00,2nd Innings,not_out
T206019,RCB Vs MI,MI,11,Jasprit Bumrah,0,1,0,0,0.00,2nd Innings,not_out
T209055,SRH Vs GT,SRH,1,Abhishek Sharma,18,16,4,0,112.50,1st Innings,out
T209055,SRH Vs GT,SRH,2,Travis Head,8,5,2,0,160.00,1st Innings,out
T209055,SRH Vs GT,SRH,3,Ishan Kishan,17,14,2,0,121.42,1st Innings,out
T209055,SRH Vs GT,SRH,4,Nitish Kumar Reddy,31,34,3,0,91.17,1st Innings,out
T209055,SRH Vs GT,SRH,5,Heinrich Klaasen,27,19,2,1,142.10,1st Innings,out
T209055,SRH Vs GT,SRH,6,Aniket Verma,18,14,2,0,128.57,1st Innings,out
T209055,SRH Vs GT,SRH,7,Kamindu Mendis,1,5,0,0,20.00,1st Innings,out
T209055,SRH Vs GT,SRH,8,Pat Cummins,22,9,3,1,244.44,1st Innings,not_out
T209055,SRH Vs GT,SRH,9,Simarjeet Singh,0,2,0,0,0.00,1st Innings,out
T209055,SRH Vs GT,SRH,10,Mohammed Shami,6,2,1,0,300.00,1st Innings,not_out
T209055,SRH Vs GT,GT,1,Sai Sudharsan,5,9,0,0,55.55,2nd Innings,out
T209055,SRH Vs GT,GT,2,Shubman Gill,61,43,9,0,141.86,2nd Innings,not_out
T209055,SRH Vs GT,GT,3,Jos Buttler,0,3,0,0,0.00,2nd Innings,out
T209055,SRH Vs GT,GT,4,Washington Sundar,49,29,5,2,168.96,2nd Innings,out
T209055,SRH Vs GT,GT,5,Sherfane Rutherford,35,16,6,1,218.75,2nd Innings,not_out
T209511,RR Vs PBKS,RR,1,Yashasvi Jaiswal,67,45,3,5,148.88,1st Innings,out
T209511,RR Vs PBKS,RR,2,Sanju Samson,38,26,6,0,146.15,1st Innings,out
T209511,RR Vs PBKS,RR,3,Riyan Parag,43,25,3,3,172.00,1st Innings,not_out
T209511,RR Vs PBKS,RR,4,Nitish Rana,12,7,2,0,171.42,1st Innings,out
T209511,RR Vs PBKS,RR,5,Shimron Hetmyer,20,12,2,1,166.66,1st Innings,out
T209511,RR Vs PBKS,RR,6,Dhruv Jurel,13,5,1,1,260.00,1st Innings,not_out
T209511,RR Vs PBKS,PBKS,1,Priyansh Arya,0,1,0,0,0.00,2nd Innings,out
T209511,RR Vs PBKS,PBKS,2,Prabhsimran Singh,17,16,2,0,106.25,2nd Innings,out
T209511,RR Vs PBKS,PBKS,3,Shreyas Iyer,10,5,2,0,200.00,2nd Innings,out
T209511,RR Vs PBKS,PBKS,4,Marcus Stoinis,1,7,0,0,14.28,2nd Innings,out
T209511,RR Vs PBKS,PBKS,5,Nehal Wadhera,62,41,4,3,151.21,2nd Innings,out
T209511,RR Vs PBKS,PBKS,6,Glenn Maxwell,30,21,3,1,142.85,2nd Innings,out
T209511,RR Vs PBKS,PBKS,7,Shashank Singh,10,13,0,0,76.92,2nd Innings,not_out
T209511,RR Vs PBKS,PBKS,8,Suryansh Shedge,2,4,0,0,50.00,2nd Innings,out
T209511,RR Vs PBKS,PBKS,9,Marco Jansen,3,6,0,0,50.00,2nd Innings,out
T209511,RR Vs PBKS,PBKS,10,Arshdeep Singh,1,5,0,0,20.00,2nd Innings,out
T209511,RR Vs PBKS,PBKS,11,Lockie Ferguson,4,1,1,0,400.00,2nd Innings,not_out
T209585,DC Vs CSK,DC,1,Jake Fraser-McGurk,0,5,0,0,0.00,1st Innings,out
T209585,DC Vs CSK,DC,2,KL Rahul,77,51,6,3,150.98,1st Innings,out
T209585,DC Vs CSK,DC,3,Abishek Porel,33,20,4,1,165.00,1st Innings,out
T209585,DC Vs CSK,DC,4,Axar Patel,21,14,2,1,150.00,1st Innings,out
T209585,DC Vs CSK,DC,5,Sameer Rizvi,20,15,1,1,133.33,1st Innings,out
T209585,DC Vs CSK,DC,6,Tristan Stubbs,24,12,2,1,200.00,1st Innings,not_out
T209585,DC Vs CSK,DC,7,Ashutosh Sharma,1,1,0,0,100.00,1st Innings,out
T209585,DC Vs CSK,DC,8,Vipraj Nigam,1,2,0,0,50.00,1st Innings,not_out
T209585,DC Vs CSK,CSK,1,Rachin Ravindra,3,6,0,0,50.00,2nd Innings,out
T209585,DC Vs CSK,CSK,2,Devon Conway,13,14,1,0,92.85,2nd Innings,out
T209585,DC Vs CSK,CSK,3,Ruturaj Gaikwad,5,4,1,0,125.00,2nd Innings,out
T209585,DC Vs CSK,CSK,4,Vijay Shankar,69,54,5,1,127.77,2nd Innings,not_out
T209585,DC Vs CSK,CSK,5,Shivam Dube,18,15,1,1,120.00,2nd Innings,out
T209585,DC Vs CSK,CSK,6,Ravindra Jadeja,2,3,0,0,66.66,2nd Innings,out
T209585,DC Vs CSK,CSK,7,MS Dhoni,30,26,1,1,115.38,2nd Innings,not_out
T204907,LSG Vs MI,LSG,1,Mitchell Marsh,60,31,9,2,193.54,1st Innings,out
T204907,LSG Vs MI,LSG,2,Aiden Markram,53,38,2,4,139.47,1st Innings,out
T204907,LSG Vs MI,LSG,3,Nicholas Pooran,12,6,1,1,200.00,1st Innings,out
T204907,LSG Vs MI,LSG,4,Rishabh Pant,2,6,0,0,33.33,1st Innings,out
T204907,LSG Vs MI,LSG,5,Ayush Badoni,30,19,4,0,157.89,1st Innings,out
T204907,LSG Vs MI,LSG,6,David Miller,27,14,3,1,192.85,1st Innings,out
T204907,LSG Vs MI,LSG,7,Abdul Samad,4,2,1,0,200.00,1st Innings,out
T204907,LSG Vs MI,LSG,8,Shardul Thakur,5,2,1,0,250.00,1st Innings,not_out
T204907,LSG Vs MI,LSG,9,Akash Deep,0,1,0,0,0.00,1st Innings,out
T204907,LSG Vs MI,LSG,10,Avesh Khan,2,1,0,0,200.00,1st Innings,not_out
T204907,LSG Vs MI,MI,1,Will Jacks,5,7,0,0,71.42,2nd Innings,out
T204907,LSG Vs MI,MI,2,Ryan Rickelton,10,5,2,0,200.00,2nd Innings,out
T204907,LSG Vs MI,MI,3,Naman Dhir,46,24,4,3,191.66,2nd Innings,out
T204907,LSG Vs MI,MI,4,Suryakumar Yadav,67,43,9,1,155.81,2nd Innings,out
T204907,LSG Vs MI,MI,5,Tilak Varma,25,23,2,0,108.69,2nd Innings,out
T204907,LSG Vs MI,MI,6,Hardik Pandya,28,16,2,1,175.00,2nd Innings,not_out
T204907,LSG Vs MI,MI,7,Mitchell Santner,2,2,0,0,100.00,2nd Innings,not_out
T205793,KKR Vs SRH,KKR,1,Quinton de Kock,1,6,0,0,16.66,1st Innings,out
T205793,KKR Vs SRH,KKR,2,Sunil Narine,7,7,0,1,100.00,1st Innings,out
T205793,KKR Vs SRH,KKR,3,Ajinkya Rahane,38,27,1,4,140.74,1st Innings,out
T205793,KKR Vs SRH,KKR,4,Angkrish Raghuvanshi,50,32,5,2,156.25,1st Innings,out
T205793,KKR Vs SRH,KKR,5,Venkatesh Iyer,60,29,7,3,206.89,1st Innings,out
T205793,KKR Vs SRH,KKR,6,Rinku Singh,32,17,4,1,188.23,1st Innings,not_out
T205793,KKR Vs SRH,KKR,7,Andre Russell,1,2,0,0,50.00,1st Innings,out
T205793,KKR Vs SRH,SRH,1,Travis Head,4,2,1,0,200.00,2nd Innings,out
T205793,KKR Vs SRH,SRH,2,Abhishek Sharma,2,6,0,0,33.33,2nd Innings,out
T205793,KKR Vs SRH,SRH,3,Ishan Kishan,2,5,0,0,40.00,2nd Innings,out
T205793,KKR Vs SRH,SRH,4,Nitish Kumar Reddy,19,15,2,1,126.66,2nd Innings,out
T205793,KKR Vs SRH,SRH,5,Kamindu Mendis,27,20,1,2,135.00,2nd Innings,out
T205793,KKR Vs SRH,SRH,6,Heinrich Klaasen,33,21,2,2,157.14,2nd Innings,out
T205793,KKR Vs SRH,SRH,7,Aniket Verma,6,6,1,0,100.00,2nd Innings,out
T205793,KKR Vs SRH,SRH,8,Pat Cummins,14,15,2,0,93.33,2nd Innings,out
T205793,KKR Vs SRH,SRH,9,Harshal Patel,3,5,0,0,60.00,2nd Innings,out
T205793,KKR Vs SRH,SRH,10,Simarjeet Singh,0,1,0,0,0.00,2nd Innings,out
T205793,KKR Vs SRH,SRH,11,Mohammed Shami,2,4,0,0,50.00,2nd Innings,not_out
T202765,RCB Vs GT,RCB,1,Phil Salt,14,13,1,1,107.69,1st Innings,out
T202765,RCB Vs GT,RCB,2,Virat Kohli,7,6,1,0,116.66,1st Innings,out
T202765,RCB Vs GT,RCB,3,Devdutt Padikkal,4,3,1,0,133.33,1st Innings,out
T202765,RCB Vs GT,RCB,4,Rajat Patidar,12,12,2,0,100.00,1st Innings,out
T202765,RCB Vs GT,RCB,5,Liam Livingstone,54,40,1,5,135.00,1st Innings,out
T202765,RCB Vs GT,RCB,6,Jitesh Sharma,33,21,5,1,157.14,1st Innings,out
T202765,RCB Vs GT,RCB,7,Krunal Pandya,5,5,1,0,100.00,1st Innings,out
T202765,RCB Vs GT,RCB,8,Tim David,32,18,3,2,177.77,1st Innings,out
T202765,RCB Vs GT,RCB,9,Bhuvneshwar Kumar,1,2,0,0,50.00,1st Innings,not_out
T202765,RCB Vs GT,GT,1,Sai Sudharsan,49,36,7,1,136.11,2nd Innings,out
T202765,RCB Vs GT,GT,2,Shubman Gill,14,14,1,1,100.00,2nd Innings,out
T202765,RCB Vs GT,GT,3,Jos Buttler,73,39,5,6,187.17,2nd Innings,not_out
T202765,RCB Vs GT,GT,4,Sherfane Rutherford,30,18,1,3,166.66,2nd Innings,not_out
T208568,LSG Vs PBKS,LSG,1,Aiden Markram,28,18,4,1,155.55,1st Innings,out
T208568,LSG Vs PBKS,LSG,2,Mitchell Marsh,0,1,0,0,0.00,1st Innings,out
T208568,LSG Vs PBKS,LSG,3,Nicholas Pooran,44,30,5,2,146.66,1st Innings,out
T208568,LSG Vs PBKS,LSG,4,Rishabh Pant,2,5,0,0,40.00,1st Innings,out
T208568,LSG Vs PBKS,LSG,5,Ayush Badoni,41,33,1,3,124.24,1st Innings,out
T208568,LSG Vs PBKS,LSG,6,David Miller,19,18,3,0,105.55,1st Innings,out
T208568,LSG Vs PBKS,LSG,7,Abdul Samad,27,12,2,2,225.00,1st Innings,out
T208568,LSG Vs PBKS,LSG,8,Shardul Thakur,3,3,0,0,100.00,1st Innings,not_out
T208568,LSG Vs PBKS,LSG,9,Avesh Khan,0,0,0,0,-,1st Innings,not_out
T208568,LSG Vs PBKS,PBKS,1,Priyansh Arya,8,9,1,0,88.88,2nd Innings,out
T208568,LSG Vs PBKS,PBKS,2,Prabhsimran Singh,69,34,9,3,202.94,2nd Innings,out
T208568,LSG Vs PBKS,PBKS,3,Shreyas Iyer,52,30,3,4,173.33,2nd Innings,not_out
T208568,LSG Vs PBKS,PBKS,4,Nehal Wadhera,43,25,3,4,172.00,2nd Innings,not_out
T201098,KKR Vs MI,KKR,1,Quinton de Kock,1,3,0,0,33.33,1st Innings,out
T201098,KKR Vs MI,KKR,2,Sunil Narine,0,2,0,0,0.00,1st Innings,out
T201098,KKR Vs MI,KKR,3,Ajinkya Rahane,11,7,1,1,157.14,1st Innings,out
T201098,KKR Vs MI,KKR,4,Angkrish Raghuvanshi,26,16,3,1,162.50,1st Innings,out
T201098,KKR Vs MI,KKR,5,Venkatesh Iyer,3,9,0,0,33.33,1st Innings,out
T201098,KKR Vs MI,KKR,6,Rinku Singh,17,14,1,1,121.42,1st Innings,out
T201098,KKR Vs MI,KKR,7,Manish Pandey,19,14,2,1,135.71,1st Innings,out
T201098,KKR Vs MI,KKR,8,Andre Russell,5,11,1,0,45.45,1st Innings,out
T201098,KKR Vs MI,KKR,9,Ramandeep Singh,22,12,1,2,183.33,1st Innings,out
T201098,KKR Vs MI,KKR,10,Harshit Rana,4,8,0,0,50.00,1st Innings,out
T201098,KKR Vs MI,KKR,11,Spencer Johnson,1,3,0,0,33.33,1st Innings,not_out
T201098,KKR Vs MI,MI,1,Rohit Sharma,13,12,0,1,108.33,2nd Innings,out
T201098,KKR Vs MI,MI,2,Ryan Rickelton,62,41,4,5,151.21,2nd Innings,not_out
T201098,KKR Vs MI,MI,3,Will Jacks,16,17,0,1,94.11,2nd Innings,out
T201098,KKR Vs MI,MI,4,Suryakumar Yadav,27,9,3,2,300.00,2nd Innings,not_out
T203160,RR Vs CSK,RR,1,Yashasvi Jaiswal,4,3,1,0,133.33,1st Innings,out
T203160,RR Vs CSK,RR,2,Sanju Samson,20,16,1,1,125.00,1st Innings,out
T203160,RR Vs CSK,RR,3,Nitish Rana,81,36,10,5,225.00,1st Innings,out
T203160,RR Vs CSK,RR,4,Riyan Parag,37,28,2,2,132.14,1st Innings,out
T203160,RR Vs CSK,RR,5,Dhruv Jurel,3,7,0,0,42.85,1st Innings,out
T203160,RR Vs CSK,RR,6,Wanindu Hasaranga,4,5,0,0,80.00,1st Innings,out
T203160,RR Vs CSK,RR,7,Shimron Hetmyer,19,16,1,1,118.75,1st Innings,out
T203160,RR Vs CSK,RR,8,Jofra Archer,0,2,0,0,0.00,1st Innings,out
T203160,RR Vs CSK,RR,9,Kumar Kartikeya,1,1,0,0,100.00,1st Innings,out
T203160,RR Vs CSK,RR,10,Maheesh Theekshana,2,4,0,0,50.00,1st Innings,not_out
T203160,RR Vs CSK,RR,11,Tushar Deshpande,1,2,0,0,50.00,1st Innings,not_out
T203160,RR Vs CSK,CSK,1,Rachin Ravindra,0,4,0,0,0.00,2nd Innings,out
T203160,RR Vs CSK,CSK,2,Rahul Tripathi,23,19,3,1,121.05,2nd Innings,out
T203160,RR Vs CSK,CSK,3,Ruturaj Gaikwad,63,44,7,1,143.18,2nd Innings,out
T203160,RR Vs CSK,CSK,4,Shivam Dube,18,10,1,2,180.00,2nd Innings,out
T203160,RR Vs CSK,CSK,5,Vijay Shankar,9,6,0,1,150.00,2nd Innings,out
T203160,RR Vs CSK,CSK,6,Ravindra Jadeja,32,22,2,1,145.45,2nd Innings,not_out
T203160,RR Vs CSK,CSK,7,MS Dhoni,16,11,1,1,145.45,2nd Innings,out
T203160,RR Vs CSK,CSK,8,Jamie Overton,11,4,0,1,275.00,2nd Innings,not_out
T205261,SRH Vs DC,SRH,1,Abhishek Sharma,1,1,0,0,100.00,1st Innings,out
T205261,SRH Vs DC,SRH,2,Travis Head,22,12,4,0,183.33,1st Innings,out
T205261,SRH Vs DC,SRH,3,Ishan Kishan,2,5,0,0,40.00,1st Innings,out
T205261,SRH Vs DC,SRH,4,Nitish Kumar Reddy,0,2,0,0,0.00,1st Innings,out
T205261,SRH Vs DC,SRH,5,Aniket Verma,74,41,5,6,180.48,1st Innings,out
T205261,SRH Vs DC,SRH,6,Heinrich Klaasen,32,19,2,2,168.42,1st Innings,out
T205261,SRH Vs DC,SRH,7,Abhinav Manohar,4,6,0,0,66.66,1st Innings,out
T205261,SRH Vs DC,SRH,8,Pat Cummins,2,7,0,0,28.57,1st Innings,out
T205261,SRH Vs DC,SRH,9,Wiaan Mulder,9,11,1,0,81.81,1st Innings,out
T205261,SRH Vs DC,SRH,10,Harshal Patel,5,9,0,0,55.55,1st Innings,out
T205261,SRH Vs DC,SRH,11,Mohammed Shami,1,1,0,0,100.00,1st Innings,not_out
T205261,SRH Vs DC,DC,1,Jake Fraser-McGurk,38,32,4,2,118.75,2nd Innings,out
T205261,SRH Vs DC,DC,2,Faf du Plessis,50,27,3,3,185.18,2nd Innings,out
T205261,SRH Vs DC,DC,3,Abishek Porel,34,18,2,2,188.88,2nd Innings,not_out
T205261,SRH Vs DC,DC,4,KL Rahul,15,5,2,1,300.00,2nd Innings,out
T205261,SRH Vs DC,DC,5,Tristan Stubbs,21,14,3,0,150.00,2nd Innings,not_out
T205992,GT Vs MI,GT,1,Sai Sudharsan,63,41,4,2,153.65,1st Innings,out
T205992,GT Vs MI,GT,2,Shubman Gill,38,27,4,1,140.74,1st Innings,out
T205992,GT Vs MI,GT,3,Jos Buttler,39,24,5,1,162.50,1st Innings,out
T205992,GT Vs MI,GT,4,M Shahrukh Khan,9,7,0,1,128.57,1st Innings,out
T205992,GT Vs MI,GT,5,Sherfane Rutherford,18,11,0,2,163.63,1st Innings,out
T205992,GT Vs MI,GT,6,Rahul Tewatia,0,0,0,0,-,1st Innings,out
T205992,GT Vs MI,GT,7,Rashid Khan,6,4,0,1,150.00,1st Innings,out
T205992,GT Vs MI,GT,8,Kagiso Rabada,7,5,0,1,140.00,1st Innings,not_out
T205992,GT Vs MI,GT,9,Sai Kishore,1,1,0,0,100.00,1st Innings,out
T205992,GT Vs MI,MI,1,Rohit Sharma,8,4,2,0,200.00,2nd Innings,out
T205992,GT Vs MI,MI,2,Ryan Rickelton,6,9,1,0,66.66,2nd Innings,out
T205992,GT Vs MI,MI,3,Tilak Varma,39,36,3,1,108.33,2nd Innings,out
T205992,GT Vs MI,MI,4,Suryakumar Yadav,48,28,1,4,171.42,2nd Innings,out
T205992,GT Vs MI,MI,5,Robin Minz,3,6,0,0,50.00,2nd Innings,out
T205992,GT Vs MI,MI,6,Hardik Pandya,11,17,1,0,64.70,2nd Innings,out
T205992,GT Vs MI,MI,7,Naman Dhir,18,11,3,0,163.63,2nd Innings,not_out
T205992,GT Vs MI,MI,8,Mitchell Santner,18,9,1,2,200.00,2nd Innings,not_out
T203789,RCB Vs CSK,RCB,1,Phil Salt,32,16,5,1,200.00,1st Innings,out
T203789,RCB Vs CSK,RCB,2,Virat Kohli,31,30,2,1,103.33,1st Innings,out
T203789,RCB Vs CSK,RCB,3,Devdutt Padikkal,27,14,2,2,192.85,1st Innings,out
T203789,RCB Vs CSK,RCB,4,Rajat Patidar,51,32,4,3,159.37,1st Innings,out
T203789,RCB Vs CSK,RCB,5,Liam Livingstone,10,9,0,1,111.11,1st Innings,out
T203789,RCB Vs CSK,RCB,6,Jitesh Sharma,12,6,1,1,200.00,1st Innings,out
T203789,RCB Vs CSK,RCB,7,Tim David,22,8,1,3,275.00,1st Innings,not_out
T203789,RCB Vs CSK,RCB,8,Krunal Pandya,0,3,0,0,0.00,1st Innings,out
T203789,RCB Vs CSK,RCB,9,Bhuvneshwar Kumar,0,2,0,0,0.00,1st Innings,not_out
T203789,RCB Vs CSK,CSK,1,Rachin Ravindra,41,31,5,0,132.25,2nd Innings,out
T203789,RCB Vs CSK,CSK,2,Rahul Tripathi,5,3,1,0,166.66,2nd Innings,out
T203789,RCB Vs CSK,CSK,3,Ruturaj Gaikwad,0,4,0,0,0.00,2nd Innings,out
T203789,RCB Vs CSK,CSK,4,Deepak Hooda,4,9,1,0,44.44,2nd Innings,out
T203789,RCB Vs CSK,CSK,5,Sam Curran,8,13,0,0,61.53,2nd Innings,out
T203789,RCB Vs CSK,CSK,6,Shivam Dube,19,15,2,1,126.66,2nd Innings,out
T203789,RCB Vs CSK,CSK,7,Ravindra Jadeja,25,19,2,1,131.57,2nd Innings,out
T203789,RCB Vs CSK,CSK,8,Ravichandran Ashwin,11,8,1,0,137.50,2nd Innings,out
T203789,RCB Vs CSK,CSK,9,MS Dhoni,30,16,3,2,187.50,2nd Innings,not_out
T203789,RCB Vs CSK,CSK,10,Noor Ahmad,0,2,0,0,0.00,2nd Innings,not_out
T205612,SRH Vs LSG,SRH,1,Travis Head,47,28,5,3,167.85,1st Innings,out
T205612,SRH Vs LSG,SRH,2,Abhishek Sharma,6,6,1,0,100.00,1st Innings,out
T205612,SRH Vs LSG,SRH,3,Ishan Kishan,0,1,0,0,0.00,1st Innings,out
T205612,SRH Vs LSG,SRH,4,Nitish Kumar Reddy,32,28,2,0,114.28,1st Innings,out
T205612,SRH Vs LSG,SRH,5,Heinrich Klaasen,26,17,2,1,152.94,1st Innings,out
T205612,SRH Vs LSG,SRH,6,Aniket Verma,36,13,0,5,276.92,1st Innings,out
T205612,SRH Vs LSG,SRH,7,Abhinav Manohar,2,6,0,0,33.33,1st Innings,out
T205612,SRH Vs LSG,SRH,8,Pat Cummins,18,4,0,3,450.00,1st Innings,out
T205612,SRH Vs LSG,SRH,9,Harshal Patel,12,11,0,0,109.09,1st Innings,not_out
T205612,SRH Vs LSG,SRH,10,Mohammed Shami,1,3,0,0,33.33,1st Innings,out
T205612,SRH Vs LSG,SRH,11,Simarjeet Singh,3,4,0,0,75.00,1st Innings,not_out
T205612,SRH Vs LSG,LSG,1,Mitchell Marsh,52,31,7,2,167.74,2nd Innings,out
T205612,SRH Vs LSG,LSG,2,Aiden Markram,1,4,0,0,25.00,2nd Innings,out
T205612,SRH Vs LSG,LSG,3,Nicholas Pooran,70,26,6,6,269.23,2nd Innings,out
T205612,SRH Vs LSG,LSG,4,Rishabh Pant,15,15,0,1,100.00,2nd Innings,out
T205612,SRH Vs LSG,LSG,5,Ayush Badoni,6,6,1,0,100.00,2nd Innings,out
T205612,SRH Vs LSG,LSG,6,David Miller,13,7,2,0,185.71,2nd Innings,not_out
T205612,SRH Vs LSG,LSG,7,Abdul Samad,22,8,2,2,275.00,2nd Innings,not_out
T204767,RR Vs KKR,RR,1,Yashasvi Jaiswal,29,24,2,2,120.83,1st Innings,out
T204767,RR Vs KKR,RR,2,Sanju Samson,13,11,2,0,118.18,1st Innings,out
T204767,RR Vs KKR,RR,3,Riyan Parag,25,15,0,3,166.66,1st Innings,out
T204767,RR Vs KKR,RR,4,Nitish Rana,8,9,0,0,88.88,1st Innings,out
T204767,RR Vs KKR,RR,5,Wanindu Hasaranga,4,4,0,0,100.00,1st Innings,out
T204767,RR Vs KKR,RR,6,Dhruv Jurel,33,28,5,0,117.85,1st Innings,out
T204767,RR Vs KKR,RR,7,Shubham Dubey,9,12,1,0,75.00,1st Innings,out
T204767,RR Vs KKR,RR,8,Shimron Hetmyer,7,8,1,0,87.50,1st Innings,out
T204767,RR Vs KKR,RR,9,Jofra Archer,16,7,0,2,228.57,1st Innings,out
T204767,RR Vs KKR,RR,10,Maheesh Theekshana,1,1,0,0,100.00,1st Innings,not_out
T204767,RR Vs KKR,RR,11,Tushar Deshpande,2,1,0,0,200.00,1st Innings,not_out
T204767,RR Vs KKR,KKR,1,Moeen Ali,5,12,0,0,41.66,2nd Innings,out
T204767,RR Vs KKR,KKR,2,Quinton de Kock,97,61,8,6,159.01,2nd Innings,not_out
T204767,RR Vs KKR,KKR,3,Ajinkya Rahane,18,15,1,1,120.00,2nd Innings,out
T204767,RR Vs KKR,KKR,4,Angkrish Raghuvanshi,22,17,2,0,129.41,2nd Innings,not_out
T207611,PBKS Vs GT,PBKS,1,Priyansh Arya,47,23,7,2,204.34,1st Innings,out
T207611,PBKS Vs GT,PBKS,2,Prabhsimran Singh,5,8,1,0,62.50,1st Innings,out
T207611,PBKS Vs GT,PBKS,3,Shreyas Iyer,97,42,5,9,230.95,1st Innings,not_out
T207611,PBKS Vs GT,PBKS,4,Azmatullah Omarzai,16,15,2,1,106.66,1st Innings,out
T207611,PBKS Vs GT,PBKS,5,Glenn Maxwell,0,1,0,0,0.00,1st Innings,out
T207611,PBKS Vs GT,PBKS,6,Marcus Stoinis,20,15,1,2,133.33,1st Innings,out
T207611,PBKS Vs GT,PBKS,7,Shashank Singh,44,16,6,2,275.00,1st Innings,not_out
T207611,PBKS Vs GT,GT,1,Sai Sudharsan,74,41,5,6,180.48,2nd Innings,out
T207611,PBKS Vs GT,GT,2,Shubman Gill,33,14,2,3,235.71,2nd Innings,out
T207611,PBKS Vs GT,GT,3,Jos Buttler,54,33,4,2,163.63,2nd Innings,out
T207611,PBKS Vs GT,GT,4,Sherfane Rutherford,46,28,4,3,164.28,2nd Innings,out
T207611,PBKS Vs GT,GT,5,Rahul Tewatia,6,2,0,1,300.00,2nd Innings,out
T207611,PBKS Vs GT,GT,6,M Shahrukh Khan,6,1,0,1,600.00,2nd Innings,not_out
T207611,PBKS Vs GT,GT,7,Arshad Khan,1,1,0,0,100.00,2nd Innings,not_out
T208452,LSG Vs DC,LSG,1,Aiden Markram,15,13,1,1,115.38,1st Innings,out
T208452,LSG Vs DC,LSG,2,Mitchell Marsh,72,36,6,6,200.00,1st Innings,out
T208452,LSG Vs DC,LSG,3,Nicholas Pooran,75,30,6,7,250.00,1st Innings,out
T208452,LSG Vs DC,LSG,4,Rishabh Pant,0,6,0,0,0.00,1st Innings,out
T208452,LSG Vs DC,LSG,5,David Miller,27,19,1,2,142.10,1st Innings,not_out
T208452,LSG Vs DC,LSG,6,Ayush Badoni,4,5,0,0,80.00,1st Innings,out
T208452,LSG Vs DC,LSG,7,Shardul Thakur,0,2,0,0,0.00,1st Innings,out
T208452,LSG Vs DC,LSG,8,Shahbaz Ahmed,9,8,1,0,112.50,1st Innings,out
T208452,LSG Vs DC,LSG,9,Ravi Bishnoi,0,2,0,0,0.00,1st Innings,out
T208452,LSG Vs DC,LSG,10,Digvesh Rathi,0,0,0,0,-,1st Innings,not_out
T208452,LSG Vs DC,DC,1,Jake Fraser-McGurk,1,2,0,0,50.00,2nd Innings,out
T208452,LSG Vs DC,DC,2,Faf du Plessis,29,18,3,2,161.11,2nd Innings,out
T208452,LSG Vs DC,DC,3,Abishek Porel,0,2,0,0,0.00,2nd Innings,out
T208452,LSG Vs DC,DC,4,Sameer Rizvi,4,4,1,0,100.00,2nd Innings,out
T208452,LSG Vs DC,DC,5,Axar Patel,22,11,3,1,200.00,2nd Innings,out
T208452,LSG Vs DC,DC,6,Tristan Stubbs,34,22,1,3,154.54,2nd Innings,out
T208452,LSG Vs DC,DC,7,Ashutosh Sharma,66,31,5,5,212.90,2nd Innings,not_out
T208452,LSG Vs DC,DC,8,Vipraj Nigam,39,15,5,2,260.00,2nd Innings,out
T208452,LSG Vs DC,DC,9,Mitchell Starc,2,5,0,0,40.00,2nd Innings,out
T208452,LSG Vs DC,DC,10,Kuldeep Yadav,5,5,1,0,100.00,2nd Innings,out
T208452,LSG Vs DC,DC,11,Mohit Sharma,1,2,0,0,50.00,2nd Innings,not_out
T202056,MI Vs CSK,MI,1,Rohit Sharma,0,4,0,0,0.00,1st Innings,out
T202056,MI Vs CSK,MI,2,Ryan Rickelton,13,7,3,0,185.71,1st Innings,out
T202056,MI Vs CSK,MI,3,Will Jacks,11,7,2,0,157.14,1st Innings,out
T202056,MI Vs CSK,MI,4,Suryakumar Yadav,29,26,2,1,111.53,1st Innings,out
T202056,MI Vs CSK,MI,5,Tilak Varma,31,25,2,2,124.00,1st Innings,out
T202056,MI Vs CSK,MI,6,Robin Minz,3,9,0,0,33.33,1st Innings,out
T202056,MI Vs CSK,MI,7,Naman Dhir,17,12,1,0,141.66,1st Innings,out
T202056,MI Vs CSK,MI,8,Mitchell Santner,11,13,1,0,84.61,1st Innings,out
T202056,MI Vs CSK,MI,9,Deepak Chahar,28,15,2,2,186.66,1st Innings,not_out
T202056,MI Vs CSK,MI,10,Trent Boult,1,2,0,0,50.00,1st Innings,out
T202056,MI Vs CSK,MI,11,Satyanarayana Raju,1,1,0,0,100.00,1st Innings,not_out
T202056,MI Vs CSK,CSK,1,Rachin Ravindra,65,45,2,4,144.44,2nd Innings,not_out
T202056,MI Vs CSK,CSK,2,Rahul Tripathi,2,3,0,0,66.66,2nd Innings,out
T202056,MI Vs CSK,CSK,3,Ruturaj Gaikwad,53,26,6,3,203.84,2nd Innings,out
T202056,MI Vs CSK,CSK,4,Shivam Dube,9,7,0,1,128.57,2nd Innings,out
T202056,MI Vs CSK,CSK,5,Deepak Hooda,3,5,0,0,60.00,2nd Innings,out
T202056,MI Vs CSK,CSK,6,Sam Curran,4,9,0,0,44.44,2nd Innings,out
T202056,MI Vs CSK,CSK,7,Ravindra Jadeja,17,18,1,0,94.44,2nd Innings,out
T202056,MI Vs CSK,CSK,8,MS Dhoni,0,2,0,0,0.00,2nd Innings,not_out
T206968,SRH Vs RR,SRH,1,Abhishek Sharma,24,11,5,0,218.18,1st Innings,out
T206968,SRH Vs RR,SRH,2,Travis Head,67,31,9,3,216.12,1st Innings,out
T206968,SRH Vs RR,SRH,3,Ishan Kishan,106,47,11,6,225.53,1st Innings,not_out
T206968,SRH Vs RR,SRH,4,Nitish Kumar Reddy,30,15,4,1,200.00,1st Innings,out
T206968,SRH Vs RR,SRH,5,Heinrich Klaasen,34,14,5,1,242.85,1st Innings,out
T206968,SRH Vs RR,SRH,6,Aniket Verma,7,3,0,1,233.33,1st Innings,out
T206968,SRH Vs RR,SRH,7,Abhinav Manohar,0,1,0,0,0.00,1st Innings,out
T206968,SRH Vs RR,SRH,8,Pat Cummins,0,1,0,0,0.00,1st Innings,not_out
T206968,SRH Vs RR,RR,1,Yashasvi Jaiswal,1,5,0,0,20.00,2nd Innings,out
T206968,SRH Vs RR,RR,2,Sanju Samson,66,37,7,4,178.37,2nd Innings,out
T206968,SRH Vs RR,RR,3,Riyan Parag,4,2,1,0,200.00,2nd Innings,out
T206968,SRH Vs RR,RR,4,Nitish Rana,11,8,2,0,137.50,2nd Innings,out
T206968,SRH Vs RR,RR,5,Dhruv Jurel,70,35,5,6,200.00,2nd Innings,out
T206968,SRH Vs RR,RR,6,Shimron Hetmyer,42,23,1,4,182.60,2nd Innings,out
T206968,SRH Vs RR,RR,7,Shubham Dubey,34,11,1,4,309.09,2nd Innings,not_out
T206968,SRH Vs RR,RR,8,Jofra Archer,1,1,0,0,100.00,2nd Innings,not_out
T202989,KKR Vs RCB,KKR,1,Quinton de Kock,4,5,1,0,80.00,1st Innings,out
T202989,KKR Vs RCB,KKR,2,Sunil Narine,44,26,5,3,169.23,1st Innings,out
T202989,KKR Vs RCB,KKR,3,Ajinkya Rahane,56,31,6,4,180.64,1st Innings,out
T202989,KKR Vs RCB,KKR,4,Venkatesh Iyer,6,7,1,0,85.71,1st Innings,out
T202989,KKR Vs RCB,KKR,5,Angkrish Raghuvanshi,30,22,2,1,136.36,1st Innings,out
T202989,KKR Vs RCB,KKR,6,Rinku Singh,12,10,1,0,120.00,1st Innings,out
T202989,KKR Vs RCB,KKR,7,Andre Russell,4,3,1,0,133.33,1st Innings,out
T202989,KKR Vs RCB,KKR,8,Ramandeep Singh,6,9,0,0,66.66,1st Innings,not_out
T202989,KKR Vs RCB,KKR,9,Harshit Rana,5,6,1,0,83.33,1st Innings,out
T202989,KKR Vs RCB,KKR,10,Spencer Johnson,1,1,0,0,100.00,1st Innings,not_out
T202989,KKR Vs RCB,RCB,1,Phil Salt,56,31,9,2,180.64,2nd Innings,out
T202989,KKR Vs RCB,RCB,2,Virat Kohli,59,36,4,3,163.88,2nd Innings,not_out
T202989,KKR Vs RCB,RCB,3,Devdutt Padikkal,10,10,1,0,100.00,2nd Innings,out
T202989,KKR Vs RCB,RCB,4,Rajat Patidar,34,16,5,1,212.50,2nd Innings,out
T202989,KKR Vs RCB,RCB,5,Liam Livingstone,15,5,2,1,300.00,2nd Innings,not_out
